1658,1460563299,259.7,0,on,,
1658,1460563309,259.7,0,on,,
1658,1460563309,259.7,0,on,,
1658,1460563309,259.7,0,on,,
1658,1460563309,259.7,0,on,,
1658,1460563309,259.7,0,on,,
1658,1460563309,259.7,0,on,,
1658,1460563309,259.7,0,on,,
1658,1460563309,259.7,0,on,,
1658,1460563319,259.7,0,on,,
1658,1460563319,259.7,0,on,,
1658,1460563319,259.7,0,on,,
1658,1460563319,259.7,0,on,,
1658,1460563319,259.7,0,on,,
1658,1460563319,259.7,0,on,,
1658,1460563325,259.7,0,on,,
1658,1460563325,259.7,0,on,,
1658,1460563325,259.7,0,on,,
1658,1460563325,259.7,0,on,,
1658,1460563325,259.7,0,on,,
1658,1460563325,259.7,0,on,,
1658,1460563325,259.7,0,on,,
1658,1460563325,259.7,0,on,,
1658,1460563335,259.7,0,on,,
1658,1460563335,259.7,0,on,,
1658,1460563335,259.7,0,on,,
1658,1460563335,259.7,0,on,,
1658,1460563335,259.7,0,on,,
1658,1460563335,259.7,0,on,,
1658,1460563335,259.7,0,on,,
1658,1460563335,259.7,0,on,,
1658,1460563335,259.7,0,on,,
1658,1460563345,259.7,0,on,,
1658,1460563345,259.7,0,on,,
1658,1460563345,259.7,0,on,,
1658,1460563345,259.7,0,on,,
1658,1460563345,259.7,0,on,,
1658,1460563345,259.7,0,on,,
1658,1460563345,259.7,0,on,,
1658,1460563345,259.7,0,on,,
1658,1460563345,259.7,0,on,,
1658,1460563355,259.7,0,on,,
1658,1460563355,259.7,0,on,,
1658,1460563355,259.7,0,on,,
1658,1460563355,259.7,0,on,,
1658,1460563355,259.7,0,on,,
1658,1460563355,259.7,0,on,,
1658,1460563355,259.7,0,on,,
1658,1460563355,259.7,0,on,,
1658,1460563365,259.7,0,on,,
1658,1460563365,259.7,0,on,,
1658,1460563365,259.7,0,on,,
1658,1460563365,259.7,0,on,,
1658,1460563365,259.7,0,on,,
1658,1460563365,259.7,0,on,,
1658,1460563365,259.7,0,on,,
1658,1460563365,259.7,0,on,,
1658,1460563375,259.7,0,on,,
1658,1460563375,259.7,0,on,,
1658,1460563375,259.7,0,on,,
1658,1460563375,259.7,0,on,,
1658,1460563375,259.7,0,on,,
1658,1460563375,259.7,0,on,,
1658,1460563375,259.7,0,on,,
1658,1460563375,259.7,0,on,,
1658,1460563375,259.7,0,on,,
1658,1460563385,259.7,0,on,,
1658,1460563385,259.7,0,on,,
1658,1460563385,259.7,0,on,,
1658,1460563385,259.7,0,on,,
1658,1460563385,259.7,0,on,,
1658,1460563385,259.7,0,on,,
1658,1460563395,259.7,0,on,,
1658,1460563395,259.7,0,on,,
1658,1460563395,259.7,0,on,,
1658,1460563395,259.7,0,on,,
1658,1460563395,259.7,0,on,,
1658,1460563400,277.9,4.4,on,,
1658,1460563400,277.9,4.4,on,,
1658,1460563400,277.9,4.4,on,,
1658,1460563400,277.9,4.4,on,,
1658,1460563400,277.9,4.4,on,,
1658,1460563400,277.9,4.4,on,,
1658,1460563400,277.9,4.4,on,,
1658,1460563400,277.9,4.4,on,,
1658,1460563400,277.9,4.4,on,,
1658,1460563410,258.7,5.9,on,,
1658,1460563410,258.7,5.9,on,,
1658,1460563410,258.7,5.9,on,,
1658,1460563410,258.7,5.9,on,,
1658,1460563410,258.7,5.9,on,,
1658,1460563410,258.7,5.9,on,,
1658,1460563410,258.7,5.9,on,,
1658,1460563410,258.7,5.9,on,,
1658,1460563420,281.5,4.1,on,,
1658,1460563420,281.5,4.1,on,,
1658,1460563420,281.5,4.1,on,,
1658,1460563420,281.5,4.1,on,,
1658,1460563420,281.5,4.1,on,,
1658,1460563420,281.5,4.1,on,,
1658,1460563420,281.5,4.1,on,,
1658,1460563420,281.5,4.1,on,,
1658,1460563420,281.5,4.1,on,,
1658,1460563430,293.4,3.9,on,,
1658,1460563430,293.4,3.9,on,,
1658,1460563430,293.4,3.9,on,,
1658,1460563430,293.4,3.9,on,,
1658,1460563430,293.4,3.9,on,,
1658,1460563435,10.1,0,on,,
1658,1460563435,10.1,0,on,,
1658,1460563438,0.1,4.1,on,,
1658,1460563438,0.1,4.1,on,,
1658,1460563438,0.1,4.1,on,,
1658,1460563438,0.1,4.1,on,,
1658,1460563438,0.1,4.1,on,,
1658,1460563438,0.1,4.1,on,,
1658,1460563438,0.1,4.1,on,,
1658,1460563438,0.1,4.1,on,,
1658,1460563438,0.1,4.1,on,,
1658,1460563448,0.9,4,on,,
1658,1460563448,0.9,4,on,,
1658,1460563448,0.9,4,on,,
1658,1460563448,0.9,4,on,,
1658,1460563448,0.9,4,on,,
1658,1460563448,0.9,4,on,,
1658,1460563448,0.9,4,on,,
1658,1460563448,0.9,4,on,,
1658,1460563448,0.9,4,on,,
1658,1460563458,358.4,3.6,on,,
1658,1460563458,358.4,3.6,on,,
1658,1460563458,358.4,3.6,on,,
1658,1460563458,358.4,3.6,on,,
1658,1460563458,358.4,3.6,on,,
1658,1460563458,358.4,3.6,on,,
1658,1460563458,358.4,3.6,on,,
1658,1460563458,358.4,3.6,on,,
1658,1460563468,24,0,on,,
1658,1460563469,19.3,2.7,on,,
1658,1460563469,19.3,2.7,on,,
1658,1460563469,19.3,2.7,on,,
1658,1460563469,19.3,2.7,on,,
1658,1460563469,19.3,2.7,on,,
1658,1460563469,19.3,2.7,on,,
1658,1460563469,19.3,2.7,on,,
1658,1460563469,19.3,2.7,on,,
1658,1460563479,0.8,3.6,on,,
1658,1460563479,0.8,3.6,on,,
1658,1460563482,338.6,0,on,,
1658,1460563482,338.6,0,on,,
1658,1460563484,309.4,3.4,on,,
1658,1460563484,309.4,3.4,on,,
1658,1460563488,247.5,0.2,on,,
1658,1460563489,247.5,0,on,,
1658,1460563489,247.5,0,on,,
1658,1460563489,247.5,0,on,,
1658,1460563489,247.5,0,on,,
1658,1460563489,247.5,0,on,,
1658,1460563489,247.5,0,on,,
1658,1460563489,247.5,0,on,,
1658,1460563489,247.5,0,on,,
1658,1460563489,247.5,0,on,,
1658,1460563499,247.5,0,on,,
1658,1460563499,247.5,0,on,,
1658,1460563499,247.5,0,on,,
1658,1460563499,247.5,0,on,,
1658,1460563503,247.5,0,on,,
1658,1460563503,247.5,0,on,,
1658,1460563503,247.5,0,on,,
1658,1460563503,247.5,0,on,,
1658,1460563511,247.5,0,on,,
1658,1460563511,247.5,0,on,,
1658,1460563511,247.5,0,on,,
1658,1460563511,247.5,0,on,,
1658,1460563511,247.5,0,on,,
1658,1460563511,247.5,0,on,,
1658,1460563511,247.5,0,on,,
1658,1460563521,247.5,0,on,,
1658,1460563521,247.5,0,on,,
1658,1460563521,247.5,0,on,,
1658,1460563521,247.5,0,on,,
1658,1460563524,247.5,0,on,,
1658,1460563524,247.5,0,on,,
1658,1460563524,247.5,0,on,,
1658,1460563524,247.5,0,on,,
1658,1460563524,247.5,0,on,,
1658,1460563524,247.5,0,on,,
1658,1460563524,247.5,0,on,,
1658,1460563524,247.5,0,on,,
1658,1460563533,190.5,3.1,on,,
1658,1460563533,190.5,3.1,on,,
1658,1460563533,190.5,3.1,on,,
1658,1460563536,177.9,0,on,,
1658,1460563536,177.9,0,on,,
1658,1460563536,177.9,0,on,,
1658,1460563536,177.9,0,on,,
1658,1460563536,177.9,0,on,,
1658,1460563536,177.9,0,on,,
1658,1460563546,177.9,0,on,,
1658,1460563546,177.9,0,on,,
1658,1460563546,177.9,0,on,,
1658,1460563546,177.9,0,on,,
1658,1460563546,177.9,0,on,,
1658,1460563552,186,5.5,on,,
1658,1460563552,186,5.5,on,,
1658,1460563552,186,5.5,on,,
1658,1460563552,186,5.5,on,,
1658,1460563552,186,5.5,on,,
1658,1460563552,186,5.5,on,,
1658,1460563552,186,5.5,on,,
1658,1460563552,186,5.5,on,,
1658,1460563562,181.4,3.6,on,,
1658,1460563562,181.4,3.6,on,,
1658,1460563562,181.4,3.6,on,,
1658,1460563562,181.4,3.6,on,,
1658,1460563562,181.4,3.6,on,,
1658,1460563562,181.4,3.6,on,,
1658,1460563562,181.4,3.6,on,,
1658,1460563562,181.4,3.6,on,,
1658,1460563562,181.4,3.6,on,,
1658,1460563572,185.6,4.3,on,,
1658,1460563572,185.6,4.3,on,,
1658,1460563572,185.6,4.3,on,,
1658,1460563572,185.6,4.3,on,,
1658,1460563572,185.6,4.3,on,,
1658,1460563572,185.6,4.3,on,,
1658,1460563579,180.5,0,on,,
1658,1460563579,180.5,0,on,,
1658,1460563579,180.5,0,on,,
1658,1460563579,180.5,0,on,,
1658,1460563579,180.5,0,on,,
1658,1460563579,180.5,0,on,,
1658,1460563579,180.5,0,on,,
1658,1460563579,180.5,0,on,,
1658,1460563589,180.5,0,on,,
1658,1460563589,180.5,0,on,,
1658,1460563589,180.5,0,on,,
1658,1460563589,180.5,0,on,,
1658,1460563593,233.5,4.6,on,,
1658,1460563593,233.5,4.6,on,,
1658,1460563593,233.5,4.6,on,,
1658,1460563593,233.5,4.6,on,,
1658,1460563593,233.5,4.6,on,,
1658,1460563593,233.5,4.6,on,,
1658,1460563593,233.5,4.6,on,,
1658,1460563593,233.5,4.6,on,,
1658,1460563603,276.9,5.8,on,,
1658,1460563603,276.9,5.8,on,,
1658,1460563603,276.9,5.8,on,,
1658,1460563603,276.9,5.8,on,,
1658,1460563603,276.9,5.8,on,,
1658,1460563603,276.9,5.8,on,,
1658,1460563603,276.9,5.8,on,,
1658,1460563613,277.9,3.8,on,,
1658,1460563613,277.9,3.8,on,,
1658,1460563613,277.9,3.8,on,,
1658,1460563613,277.9,3.8,on,,
1658,1460563613,277.9,3.8,on,,
1658,1460563613,277.9,3.8,on,,
1658,1460563613,277.9,3.8,on,,
1658,1460563613,277.9,3.8,on,,
1658,1460563613,277.9,3.8,on,,
1658,1460563623,275.9,3.4,on,,
1658,1460563623,275.9,3.4,on,,
1658,1460563623,275.9,3.4,on,,
1658,1460563623,275.9,3.4,on,,
1658,1460563623,275.9,3.4,on,,
1658,1460563623,275.9,3.4,on,,
1658,1460563623,275.9,3.4,on,,
1658,1460563623,275.9,3.4,on,,
1658,1460563633,12.6,5.4,on,,
1658,1460563633,12.6,5.4,on,,
1658,1460563633,12.6,5.4,on,,
1658,1460563633,12.6,5.4,on,,
1658,1460563633,12.6,5.4,on,,
1658,1460563633,12.6,5.4,on,,
1658,1460563633,12.6,5.4,on,,
1658,1460563633,12.6,5.4,on,,
1658,1460563633,12.6,5.4,on,,
1658,1460563643,0.4,4.2,on,,
1658,1460563643,0.4,4.2,on,,
1658,1460563643,0.4,4.2,on,,
1658,1460563647,341.6,0,on,,
1658,1460563647,341.6,0,on,,
1658,1460563649,346.9,5.7,on,,
1658,1460563649,346.9,5.7,on,,
1658,1460563649,346.9,5.7,on,,
1658,1460563649,346.9,5.7,on,,
1658,1460563649,346.9,5.7,on,,
1658,1460563649,346.9,5.7,on,,
1658,1460563649,346.9,5.7,on,,
1658,1460563649,346.9,5.7,on,,
1658,1460563649,346.9,5.7,on,,
1658,1460563649,346.9,5.7,on,,
1658,1460563659,9.2,6.3,on,,
1658,1460563659,9.2,6.3,on,,
1658,1460563659,9.2,6.3,on,,
1658,1460563659,9.2,6.3,on,,
1658,1460563659,9.2,6.3,on,,
1658,1460563659,9.2,6.3,on,,
1658,1460563659,9.2,6.3,on,,
1658,1460563659,9.2,6.3,on,,
1658,1460563659,9.2,6.3,on,,
1658,1460563669,4.4,4.6,on,,
1658,1460563669,4.4,4.6,on,,
1658,1460563669,4.4,4.6,on,,
1658,1460563673,2.5,0,on,,
1658,1460563673,2.5,0,on,,
1658,1460563673,2.5,0,on,,
1658,1460563673,2.5,0,on,,
1658,1460563673,2.5,0,on,,
1658,1460563673,2.5,0,on,,
1658,1460563673,2.5,0,on,,
1658,1460563673,2.5,0,on,,
1658,1460563673,2.5,0,on,,
1658,1460563683,359.3,0,on,,
1658,1460563683,359.3,0,on,,
1658,1460563683,359.3,0,on,,
1658,1460563683,359.3,0,on,,
1658,1460563683,359.3,0,on,,
1658,1460563683,359.3,0,on,,
1658,1460563683,359.3,0,on,,
1658,1460563683,359.3,0,on,,
1658,1460563683,359.3,0,on,,
1658,1460563693,359.3,0,on,,
1658,1460563693,359.3,0,on,,
1658,1460563693,359.3,0,on,,
1658,1460563693,359.3,0,on,,
1658,1460563693,359.3,0,on,,
1658,1460563693,359.3,0,on,,
1658,1460563693,359.3,0,on,,
1658,1460563693,359.3,0,on,,
1658,1460563693,359.3,0,on,,
1658,1460563703,359.3,0,on,,
1658,1460563703,359.3,0,on,,
1658,1460563703,359.3,0,on,,
1658,1460563703,359.3,0,on,,
1658,1460563703,359.3,0,on,,
1658,1460563703,359.3,0,on,,
1658,1460563703,359.3,0,on,,
1658,1460563703,359.3,0,on,,
1658,1460563703,359.3,0,on,,
1658,1460563713,359.3,0,on,,
1658,1460563713,359.3,0,on,,
1658,1460563713,359.3,0,on,,
1658,1460563713,359.3,0,on,,
1658,1460563713,359.3,0,on,,
1658,1460563713,359.3,0,on,,
1658,1460563713,359.3,0,on,,
1658,1460563713,359.3,0,on,,
1658,1460563723,359.3,0,on,,
1658,1460563723,359.3,0,on,,
1658,1460563723,359.3,0,on,,
1658,1460563723,359.3,0,on,,
1658,1460563723,359.3,0,on,,
1658,1460563723,359.3,0,on,,
1658,1460563723,359.3,0,on,,
1658,1460563723,359.3,0,on,,
1658,1460563733,359.3,0,on,,
1658,1460563733,359.3,0,on,,
1658,1460563733,359.3,0,on,,
1658,1460563733,359.3,0,on,,
1658,1460563733,359.3,0,on,,
1658,1460563739,359.3,0,on,,
1658,1460563739,359.3,0,on,,
1658,1460563739,359.3,0,on,,
1658,1460563739,359.3,0,on,,
1658,1460563739,359.3,0,on,,
1658,1460563739,359.3,0,on,,
1658,1460563739,359.3,0,on,,
1658,1460563739,359.3,0,on,,
1658,1460563749,359.3,0,on,,
1658,1460563749,359.3,0,on,,
1658,1460563749,359.3,0,on,,
1658,1460563749,359.3,0,on,,
1658,1460563749,359.3,0,on,,
1658,1460563749,359.3,0,on,,
1658,1460563749,359.3,0,on,,
1658,1460563759,359.3,0,on,,
1658,1460563759,359.3,0,on,,
1658,1460563759,359.3,0,on,,
1658,1460563759,359.3,0,on,,
1658,1460563759,359.3,0,on,,
1658,1460563759,359.3,0,on,,
1658,1460563759,359.3,0,on,,
1658,1460563759,359.3,0,on,,
1658,1460563769,359.3,0,on,,
1658,1460563769,359.3,0,on,,
1658,1460563769,359.3,0,on,,
1658,1460563769,359.3,0,on,,
1658,1460563769,359.3,0,on,,
1658,1460563769,359.3,0,on,,
1658,1460563769,359.3,0,on,,
1658,1460563769,359.3,0,on,,
1658,1460563769,359.3,0,on,,
1658,1460563779,359.3,0,on,,
1658,1460563779,359.3,0,on,,
1658,1460563779,359.3,0,on,,
1658,1460563779,359.3,0,on,,
1658,1460563779,359.3,0,on,,
1658,1460563779,359.3,0,on,,
1658,1460563779,359.3,0,on,,
1658,1460563779,359.3,0,on,,
1658,1460563779,359.3,0,on,,
1658,1460563789,359.3,0,on,,
1658,1460563789,359.3,0,on,,
1658,1460563789,359.3,0,on,,
1658,1460563789,359.3,0,on,,
1658,1460563789,359.3,0,on,,
1658,1460563789,359.3,0,on,,
1658,1460563789,359.3,0,on,,
1658,1460563789,359.3,0,on,,
1658,1460563789,359.3,0,on,,
1658,1460563799,359.3,0,on,,
1658,1460563799,359.3,0,on,,
1658,1460563799,359.3,0,on,,
1658,1460563799,359.3,0,on,,
1658,1460563799,359.3,0,on,,
1658,1460563799,359.3,0,on,,
1658,1460563799,359.3,0,on,,
1658,1460563799,359.3,0,on,,
1658,1460563809,359.3,0,on,,
1658,1460563809,359.3,0,on,,
1658,1460563809,359.3,0,on,,
1658,1460563809,359.3,0,on,,
1658,1460563809,359.3,0,on,,
1658,1460563809,359.3,0,on,,
1658,1460563809,359.3,0,on,,
1658,1460563809,359.3,0,on,,
1658,1460563809,359.3,0,on,,
1658,1460563819,359.3,0,on,,
1658,1460563819,359.3,0,on,,
1658,1460563819,359.3,0,on,,
1658,1460563819,359.3,0,on,,
1658,1460563819,359.3,0,on,,
1658,1460563819,359.3,0,on,,
1658,1460563819,359.3,0,on,,
1658,1460563819,359.3,0,on,,
1658,1460563819,359.3,0,on,,
1658,1460563829,359.3,0,on,,
1658,1460563829,359.3,0,on,,
1658,1460563829,359.3,0,on,,
1658,1460563829,359.3,0,on,,
1658,1460563829,359.3,0,on,,
1658,1460563829,359.3,0,on,,
1658,1460563829,359.3,0,on,,
1658,1460563829,359.3,0,on,,
1658,1460563839,359.3,0,on,,
1658,1460563839,359.3,0,on,,
1658,1460563839,359.3,0,on,,
1658,1460563839,359.3,0,on,,
1658,1460563839,359.3,0,on,,
1658,1460563839,359.3,0,on,,
1658,1460563839,359.3,0,on,,
1658,1460563839,359.3,0,on,,
1658,1460563839,359.3,0,on,,
1658,1460563848,1.3,7.7,on,,
1658,1460563848,1.3,7.7,on,,
1658,1460563848,1.3,7.7,on,,
1658,1460563848,1.3,7.7,on,,
1658,1460563853,358.8,0,on,,
1658,1460563853,358.8,0,on,,
1658,1460563853,358.8,0,on,,
1658,1460563853,358.8,0,on,,
1658,1460563853,358.8,0,on,,
1658,1460563853,358.8,0,on,,
1658,1460563853,358.8,0,on,,
1658,1460563853,358.8,0,on,,
1658,1460563853,358.8,0,on,,
1658,1460563863,358.8,0,on,,
1658,1460563863,358.8,0,on,,
1658,1460563863,358.8,0,on,,
1658,1460563863,358.8,0,on,,
1658,1460563863,358.8,0,on,,
1658,1460563873,358.8,0,on,,
1658,1460563873,358.8,0,on,,
1658,1460563873,358.8,0,on,,
1658,1460563873,358.8,0,on,,
1658,1460563873,358.8,0,on,,
1658,1460563873,358.8,0,on,,
1658,1460563873,358.8,0,on,,
1658,1460563873,358.8,0,on,,
1658,1460563873,358.8,0,on,,
1658,1460563883,358.8,0,on,,
1658,1460563883,358.8,0,on,,
1658,1460563883,358.8,0,on,,
1658,1460563883,358.8,0,on,,
1658,1460563883,358.8,0,on,,
1658,1460563883,358.8,0,on,,
1658,1460563883,358.8,0,on,,
1658,1460563883,358.8,0,on,,
1658,1460563893,358.8,0,on,,
1658,1460563893,358.8,0,on,,
1658,1460563893,358.8,0,on,,
1658,1460563893,358.8,0,on,,
1658,1460563893,358.8,0,on,,
1658,1460563893,358.8,0,on,,
1658,1460563893,358.8,0,on,,
1658,1460563893,358.8,0,on,,
1658,1460563893,358.8,0,on,,
1658,1460563903,358.8,0,on,,
1658,1460563903,358.8,0,on,,
1658,1460563903,358.8,0,on,,
1658,1460563903,358.8,0,on,,
1658,1460563903,358.8,0,on,,
1658,1460563903,358.8,0,on,,
1658,1460563903,358.8,0,on,,
1658,1460563903,358.8,0,on,,
1658,1460563913,358.8,0,on,,
1658,1460563913,358.8,0,on,,
1658,1460563913,358.8,0,on,,
1658,1460563913,358.8,0,on,,
1658,1460563913,358.8,0,on,,
1658,1460563913,358.8,0,on,,
1658,1460563913,358.8,0,on,,
1658,1460563913,358.8,0,on,,
1658,1460563913,358.8,0,on,,
1658,1460563923,358.8,0,on,,
1658,1460563923,358.8,0,on,,
1658,1460563923,358.8,0,on,,
1658,1460563923,358.8,0,on,,
1658,1460563928,1.5,9.4,on,,
1658,1460563928,1.5,9.4,on,,
1658,1460563928,1.5,9.4,on,,
1658,1460563928,1.5,9.4,on,,
1658,1460563928,1.5,9.4,on,,
1658,1460563933,355.9,0,on,,
1658,1460563933,355.9,0,on,,
1658,1460563933,355.9,0,on,,
1658,1460563933,355.9,0,on,,
1658,1460563933,355.9,0,on,,
1658,1460563933,355.9,0,on,,
1658,1460563933,355.9,0,on,,
1658,1460563933,355.9,0,on,,
1658,1460563933,355.9,0,on,,
1658,1460563933,355.9,0,on,,
1658,1460563943,355.9,0,on,,
1658,1460563943,355.9,0,on,,
1658,1460563943,355.9,0,on,,
1658,1460563943,355.9,0,on,,
1658,1460563943,355.9,0,on,,
1658,1460563943,355.9,0,on,,
1658,1460563943,355.9,0,on,,
1658,1460563943,355.9,0,on,,
1658,1460563943,355.9,0,on,,
1658,1460563953,355.9,0,on,,
1658,1460563953,355.9,0,on,,
1658,1460563953,355.9,0,on,,
1658,1460563953,355.9,0,on,,
1658,1460563953,355.9,0,on,,
1658,1460563953,355.9,0,on,,
1658,1460563953,355.9,0,on,,
1658,1460563953,355.9,0,on,,
1658,1460563963,355.9,0,on,,
1658,1460563963,355.9,0,on,,
1658,1460563963,355.9,0,on,,
1658,1460563963,355.9,0,on,,
1658,1460563963,355.9,0,on,,
1658,1460563963,355.9,0,on,,
1658,1460563973,355.9,0,on,,
1658,1460563973,355.9,0,on,,
1658,1460563973,355.9,0,on,,
1658,1460563973,355.9,0,on,,
1658,1460563973,355.9,0,on,,
1658,1460563973,355.9,0,on,,
1658,1460563973,355.9,0,on,,
1658,1460563973,355.9,0,on,,
1658,1460563973,355.9,0,on,,
1658,1460563983,355.9,0,on,,
1658,1460563983,355.9,0,on,,
1658,1460563983,355.9,0,on,,
1658,1460563983,355.9,0,on,,
1658,1460563983,355.9,0,on,,
1658,1460563983,355.9,0,on,,
1658,1460563983,355.9,0,on,,
1658,1460563993,355.9,0,on,,
1658,1460563993,355.9,0,on,,
1658,1460563993,355.9,0,on,,
1658,1460563993,355.9,0,on,,
1658,1460563993,355.9,0,on,,
1658,1460563993,355.9,0,on,,
1658,1460563993,355.9,0,on,,
1658,1460563993,355.9,0,on,,
1658,1460563993,355.9,0,on,,
1658,1460564003,355.9,0,on,,
1658,1460564003,355.9,0,on,,
1658,1460564003,355.9,0,on,,
1658,1460564003,355.9,0,on,,
1658,1460564003,355.9,0,on,,
1658,1460564003,355.9,0,on,,
1658,1460564003,355.9,0,on,,
1658,1460564003,355.9,0,on,,
1658,1460564013,355.9,0,on,,
1658,1460564013,355.9,0,on,,
1658,1460564013,355.9,0,on,,
1658,1460564013,355.9,0,on,,
1658,1460564013,355.9,0,on,,
1658,1460564013,355.9,0,on,,
1658,1460564013,355.9,0,on,,
1658,1460564013,355.9,0,on,,
1658,1460564023,355.9,0,on,,
1658,1460564023,355.9,0,on,,
1658,1460564023,355.9,0,on,,
1658,1460564023,355.9,0,on,,
1658,1460564023,355.9,0,on,,
1658,1460564023,355.9,0,on,,
1658,1460564023,355.9,0,on,,
1658,1460564023,355.9,0,on,,
1658,1460564023,355.9,0,on,,
1658,1460564033,355.9,0,on,,
1658,1460564033,355.9,0,on,,
1658,1460564033,355.9,0,on,,
1658,1460564033,355.9,0,on,,
1658,1460564033,355.9,0,on,,
1658,1460564033,355.9,0,on,,
1658,1460564033,355.9,0,on,,
1658,1460564033,355.9,0,on,,
1658,1460564033,355.9,0,on,,
1658,1460564043,355.9,0,on,,
1658,1460564043,355.9,0,on,,
1658,1460564043,355.9,0,on,,
1658,1460564043,355.9,0,on,,
1658,1460564043,355.9,0,on,,
1658,1460564043,355.9,0,on,,
1658,1460564043,355.9,0,on,,
1658,1460564043,355.9,0,on,,
1658,1460564043,355.9,0,on,,
1658,1460564053,355.9,0,on,,
1658,1460564053,355.9,0,on,,
1658,1460564053,355.9,0,on,,
1658,1460564053,355.9,0,on,,
1658,1460564053,355.9,0,on,,
1658,1460564053,355.9,0,on,,
1658,1460564053,355.9,0,on,,
1658,1460564053,355.9,0,on,,
1658,1460564053,355.9,0,on,,
1658,1460564063,355.9,0,on,,
1658,1460564063,355.9,0,on,,
1658,1460564063,355.9,0,on,,
1658,1460564063,355.9,0,on,,
1658,1460564063,355.9,0,on,,
1658,1460564063,355.9,0,on,,
1658,1460564063,355.9,0,on,,
1658,1460564063,355.9,0,on,,
1658,1460564063,355.9,0,on,,
1658,1460564073,355.9,0,on,,
1658,1460564073,355.9,0,on,,
1658,1460564073,355.9,0,on,,
1658,1460564073,355.9,0,on,,
1658,1460564073,355.9,0,on,,
1658,1460564073,355.9,0,on,,
1658,1460564073,355.9,0,on,,
1658,1460564073,355.9,0,on,,
1658,1460564073,355.9,0,on,,
1658,1460564083,355.9,0,on,,
1658,1460564083,355.9,0,on,,
1658,1460564083,355.9,0,on,,
1658,1460564083,355.9,0,on,,
1658,1460564083,355.9,0,on,,
1658,1460564083,355.9,0,on,,
1658,1460564083,355.9,0,on,,
1658,1460564083,355.9,0,on,,
1658,1460564083,355.9,0,on,,
1658,1460564093,355.9,0,on,,
1658,1460564093,355.9,0,on,,
1658,1460564093,355.9,0,on,,
1658,1460564093,355.9,0,on,,
1658,1460564093,355.9,0,on,,
1658,1460564093,355.9,0,on,,
1658,1460564093,355.9,0,on,,
1658,1460564093,355.9,0,on,,
1658,1460564093,355.9,0,on,,
1658,1460564103,355.9,0,on,,
1658,1460564103,355.9,0,on,,
1658,1460564103,355.9,0,on,,
1658,1460564103,355.9,0,on,,
1658,1460564173,355.9,0,on,-92.3575257,38.9578251
1658,1460564173,355.9,0,on,-92.3575257,38.9578251
1658,1460564183,355.9,0,on,-92.3575257,38.9578251
1658,1460564183,355.9,0,on,-92.3575257,38.9578251
1658,1460564183,355.9,0,on,-92.3575257,38.9578251
1658,1460564183,355.9,0,on,-92.3575257,38.9578251
1658,1460564183,355.9,0,on,-92.3575257,38.9578251
1658,1460564183,355.9,0,on,-92.3575257,38.9578251
1658,1460564183,355.9,0,on,-92.3575257,38.9578251
1658,1460564183,355.9,0,on,-92.3575257,38.9578251
1658,1460564183,355.9,0,on,-92.3575257,38.9578251
1658,1460564193,355.9,0,on,-92.3575257,38.9578251
1658,1460564193,355.9,0,on,-92.3575257,38.9578251
1658,1460564193,355.9,0,on,-92.3575257,38.9578251
1658,1460564193,355.9,0,on,-92.3575257,38.9578251
1658,1460564193,355.9,0,on,-92.3575257,38.9578251
1658,1460564193,355.9,0,on,-92.3575257,38.9578251
1658,1460564193,355.9,0,on,-92.3575257,38.9578251
1658,1460564193,355.9,0,on,-92.3575257,38.9578251
1658,1460564203,355.9,0,on,-92.3575257,38.9578251
1658,1460564203,355.9,0,on,-92.3575257,38.9578251
1658,1460564203,355.9,0,on,-92.3575257,38.9578251
1658,1460564203,355.9,0,on,-92.3575257,38.9578251
1658,1460564203,355.9,0,on,-92.3575257,38.9578251
1658,1460564203,355.9,0,on,-92.3575257,38.9578251
1658,1460564203,355.9,0,on,-92.3575257,38.9578251
1658,1460564203,355.9,0,on,-92.3575257,38.9578251
1658,1460564203,355.9,0,on,-92.3575257,38.9578251
1658,1460564213,355.9,0,on,-92.3575257,38.9578251
1658,1460564213,355.9,0,on,-92.3575257,38.9578251
1658,1460564213,355.9,0,on,-92.3575257,38.9578251
1658,1460564213,355.9,0,on,-92.3575257,38.9578251
1658,1460564213,355.9,0,on,-92.3575257,38.9578251
1658,1460564213,355.9,0,on,-92.3575257,38.9578251
1658,1460564213,355.9,0,on,-92.3575257,38.9578251
1658,1460564213,355.9,0,on,-92.3575257,38.9578251
1658,1460564223,355.9,0,on,-92.3575257,38.9578251
1658,1460564223,355.9,0,on,-92.3575257,38.9578251
1658,1460564223,355.9,0,on,-92.3575257,38.9578251
1658,1460564223,355.9,0,on,-92.3575257,38.9578251
1658,1460564223,355.9,0,on,-92.3575257,38.9578251
1658,1460564223,355.9,0,on,-92.3575257,38.9578251
1658,1460564223,355.9,0,on,-92.3575257,38.9578251
1658,1460564233,355.9,0,on,-92.3575257,38.9578251
1658,1460564233,355.9,0,on,-92.3575257,38.9578251
1658,1460564233,355.9,0,on,-92.3575257,38.9578251
1658,1460564233,355.9,0,on,-92.3575257,38.9578251
1658,1460564233,355.9,0,on,-92.3575257,38.9578251
1658,1460564233,355.9,0,on,-92.3575257,38.9578251
1658,1460564233,355.9,0,on,-92.3575257,38.9578251
1658,1460564233,355.9,0,on,-92.3575257,38.9578251
1658,1460564233,355.9,0,on,-92.3575257,38.9578251
1658,1460564233,355.9,0,on,-92.3575257,38.9578251
1658,1460564243,355.9,0,on,-92.3575257,38.9578251
1658,1460564243,355.9,0,on,-92.3575257,38.9578251
1658,1460564243,355.9,0,on,-92.3575257,38.9578251
1658,1460564243,355.9,0,on,-92.3575257,38.9578251
1658,1460564243,355.9,0,on,-92.3575257,38.9578251
1658,1460564243,355.9,0,on,-92.3575257,38.9578251
1658,1460564243,355.9,0,on,-92.3575257,38.9578251
1658,1460564243,355.9,0,on,-92.3575257,38.9578251
1658,1460564243,355.9,0,on,-92.3575257,38.9578251
1658,1460564253,355.9,0,on,-92.3575257,38.9578251
1658,1460564253,355.9,0,on,-92.3575257,38.9578251
1658,1460564253,355.9,0,on,-92.3575257,38.9578251
1658,1460564253,355.9,0,on,-92.3575257,38.9578251
1658,1460564253,355.9,0,on,-92.3575257,38.9578251
1658,1460564253,355.9,0,on,-92.3575257,38.9578251
1658,1460564253,355.9,0,on,-92.3575257,38.9578251
1658,1460564253,355.9,0,on,-92.3575257,38.9578251
1658,1460564263,355.9,0,on,-92.3575257,38.9578251
1658,1460564263,355.9,0,on,-92.3575257,38.9578251
1658,1460564263,355.9,0,on,-92.3575257,38.9578251
1658,1460564263,355.9,0,on,-92.3575257,38.9578251
1658,1460564263,355.9,0,on,-92.3575257,38.9578251
1658,1460564263,355.9,0,on,-92.3575257,38.9578251
1658,1460564263,355.9,0,on,-92.3575257,38.9578251
1658,1460564263,355.9,0,on,-92.3575257,38.9578251
1658,1460564263,355.9,0,on,-92.3575257,38.9578251
1658,1460564273,355.9,0,on,-92.3575257,38.9578251
1658,1460564273,355.9,0,on,-92.3575257,38.9578251
1658,1460564273,355.9,0,on,-92.3575257,38.9578251
1658,1460564273,355.9,0,on,-92.3575257,38.9578251
1658,1460564273,355.9,0,on,-92.3575257,38.9578251
1658,1460564273,355.9,0,on,-92.3575257,38.9578251
1658,1460564273,355.9,0,on,-92.3575257,38.9578251
1658,1460564273,355.9,0,on,-92.3575257,38.9578251
1658,1460564273,355.9,0,on,-92.3575257,38.9578251
1658,1460564283,355.9,0,on,-92.3575257,38.9578251
1658,1460564283,355.9,0,on,-92.3575257,38.9578251
1658,1460564283,355.9,0,on,-92.3575257,38.9578251
1658,1460564283,355.9,0,on,-92.3575257,38.9578251
1658,1460564283,355.9,0,on,-92.3575257,38.9578251
1658,1460564283,355.9,0,on,-92.3575257,38.9578251
1658,1460564283,355.9,0,on,-92.3575257,38.9578251
1658,1460564283,355.9,0,on,-92.3575257,38.9578251
1658,1460564283,355.9,0,on,-92.3575257,38.9578251
1658,1460564293,355.9,0,on,-92.3575257,38.9578251
1658,1460564293,355.9,0,on,-92.3575257,38.9578251
1658,1460564293,355.9,0,on,-92.3575257,38.9578251
1658,1460564293,355.9,0,on,-92.3575257,38.9578251
1658,1460564293,355.9,0,on,-92.3575257,38.9578251
1658,1460564293,355.9,0,on,-92.3575257,38.9578251
1658,1460564293,355.9,0,on,-92.3575257,38.9578251
1658,1460564293,355.9,0,on,-92.3575257,38.9578251
1658,1460564293,355.9,0,on,-92.3575257,38.9578251
1658,1460564303,355.9,0,on,-92.3575257,38.9578251
1658,1460564303,355.9,0,on,-92.3575257,38.9578251
1658,1460564303,355.9,0,on,-92.3575257,38.9578251
1658,1460564303,355.9,0,on,-92.3575257,38.9578251
1658,1460564303,355.9,0,on,-92.3575257,38.9578251
1658,1460564303,355.9,0,on,-92.3575257,38.9578251
1658,1460564303,355.9,0,on,-92.3575257,38.9578251
1658,1460564303,355.9,0,on,-92.3575257,38.9578251
1658,1460564303,355.9,0,on,-92.3575257,38.9578251
1658,1460564313,355.9,0,on,-92.3575257,38.9578251
1658,1460564313,355.9,0,on,-92.3575257,38.9578251
1658,1460564313,355.9,0,on,-92.3575257,38.9578251
1658,1460564313,355.9,0,on,-92.3575257,38.9578251
1658,1460564313,355.9,0,on,-92.3575257,38.9578251
1658,1460564313,355.9,0,on,-92.3575257,38.9578251
1658,1460564313,355.9,0,on,-92.3575257,38.9578251
1658,1460564313,355.9,0,on,-92.3575257,38.9578251
1658,1460564323,355.9,0,on,-92.3575257,38.9578251
1658,1460564323,355.9,0,on,-92.3575257,38.9578251
1658,1460564323,355.9,0,on,-92.3575257,38.9578251
1658,1460564323,355.9,0,on,-92.3575257,38.9578251
1658,1460564323,355.9,0,on,-92.3575257,38.9578251
1658,1460564323,355.9,0,on,-92.3575257,38.9578251
1658,1460564323,355.9,0,on,-92.3575257,38.9578251
1658,1460564323,355.9,0,on,-92.3575257,38.9578251
1658,1460564333,355.9,0,on,-92.3575257,38.9578251
1658,1460564333,355.9,0,on,-92.3575257,38.9578251
1658,1460564333,355.9,0,on,-92.3575257,38.9578251
1658,1460564333,355.9,0,on,-92.3575257,38.9578251
1658,1460564333,355.9,0,on,-92.3575257,38.9578251
1658,1460564333,355.9,0,on,-92.3575257,38.9578251
1658,1460564333,355.9,0,on,-92.3575257,38.9578251
1658,1460564333,355.9,0,on,-92.3575257,38.9578251
1658,1460564333,355.9,0,on,-92.3575257,38.9578251
1658,1460564333,355.9,0,on,-92.3575257,38.9578251
1658,1460564343,355.9,0,on,-92.3575257,38.9578251
1658,1460564343,355.9,0,on,-92.3575257,38.9578251
1658,1460564343,355.9,0,on,-92.3575257,38.9578251
1658,1460564343,355.9,0,on,-92.3575257,38.9578251
1658,1460564343,355.9,0,on,-92.3575257,38.9578251
1658,1460564343,355.9,0,on,-92.3575257,38.9578251
1658,1460564353,355.9,0,on,-92.3575257,38.9578251
1658,1460564353,355.9,0,on,-92.3575257,38.9578251
1658,1460564353,355.9,0,on,-92.3575257,38.9578251
1658,1460564353,355.9,0,on,-92.3575257,38.9578251
1658,1460564353,355.9,0,on,-92.3575257,38.9578251
1658,1460564353,355.9,0,on,-92.3575257,38.9578251
1658,1460564353,355.9,0,on,-92.3575257,38.9578251
1658,1460564353,355.9,0,on,-92.3575257,38.9578251
1658,1460564353,355.9,0,on,-92.3575257,38.9578251
1658,1460564363,355.9,0,on,-92.3575257,38.9578251
1658,1460564363,355.9,0,on,-92.3575257,38.9578251
1658,1460564363,355.9,0,on,-92.3575257,38.9578251
1658,1460564363,355.9,0,on,-92.3575257,38.9578251
1658,1460564363,355.9,0,on,-92.3575257,38.9578251
1658,1460564363,355.9,0,on,-92.3575257,38.9578251
1658,1460564363,355.9,0,on,-92.3575257,38.9578251
1658,1460564363,355.9,0,on,-92.3575257,38.9578251
1658,1460564363,355.9,0,on,-92.3575257,38.9578251
1658,1460564373,355.9,0,on,-92.3575257,38.9578251
1658,1460564373,355.9,0,on,-92.3575257,38.9578251
1658,1460564373,355.9,0,on,-92.3575257,38.9578251
1658,1460564373,355.9,0,on,-92.3575257,38.9578251
1658,1460564373,355.9,0,on,-92.3575257,38.9578251
1658,1460564373,355.9,0,on,-92.3575257,38.9578251
1658,1460564373,355.9,0,on,-92.3575257,38.9578251
1658,1460564373,355.9,0,on,-92.3575257,38.9578251
1658,1460564373,355.9,0,on,-92.3575257,38.9578251
1658,1460564383,355.9,0,on,-92.3575257,38.9578251
1658,1460564383,355.9,0,on,-92.3575257,38.9578251
1658,1460564383,355.9,0,on,-92.3575257,38.9578251
1658,1460564383,355.9,0,on,-92.3575257,38.9578251
1658,1460564383,355.9,0,on,-92.3575257,38.9578251
1658,1460564383,355.9,0,on,-92.3575257,38.9578251
1658,1460564383,355.9,0,on,-92.3575257,38.9578251
1658,1460564383,355.9,0,on,-92.3575257,38.9578251
1658,1460564383,355.9,0,on,-92.3575257,38.9578251
1658,1460564393,355.9,0,on,-92.3575257,38.9578251
1658,1460564393,355.9,0,on,-92.3575257,38.9578251
1658,1460564393,355.9,0,on,-92.3575257,38.9578251
1658,1460564393,355.9,0,on,-92.3575257,38.9578251
1658,1460564393,355.9,0,on,-92.3575257,38.9578251
1658,1460564393,355.9,0,on,-92.3575257,38.9578251
1658,1460564393,355.9,0,on,-92.3575257,38.9578251
1658,1460564393,355.9,0,on,-92.3575257,38.9578251
1658,1460564393,355.9,0,on,-92.3575257,38.9578251
1658,1460564403,355.9,0,on,-92.3575257,38.9578251
1658,1460564403,355.9,0,on,-92.3575257,38.9578251
1658,1460564403,355.9,0,on,-92.3575257,38.9578251
1658,1460564403,355.9,0,on,-92.3575257,38.9578251
1658,1460564403,355.9,0,on,-92.3575257,38.9578251
1658,1460564403,355.9,0,on,-92.3575257,38.9578251
1658,1460564403,355.9,0,on,-92.3575257,38.9578251
1658,1460564403,355.9,0,on,-92.3575257,38.9578251
1658,1460564413,355.9,0,on,-92.3575257,38.9578251
1658,1460564413,355.9,0,on,-92.3575257,38.9578251
1658,1460564413,355.9,0,on,-92.3575257,38.9578251
1658,1460564413,355.9,0,on,-92.3575257,38.9578251
1658,1460564413,355.9,0,on,-92.3575257,38.9578251
1658,1460564413,355.9,0,on,-92.3575257,38.9578251
1658,1460564413,355.9,0,on,-92.3575257,38.9578251
1658,1460564413,355.9,0,on,-92.3575257,38.9578251
1658,1460564413,355.9,0,on,-92.3575257,38.9578251
1658,1460564423,355.9,0,on,-92.3575257,38.9578251
1658,1460564423,355.9,0,on,-92.3575257,38.9578251
1658,1460564423,355.9,0,on,-92.3575257,38.9578251
1658,1460564423,355.9,0,on,-92.3575257,38.9578251
1658,1460564423,355.9,0,on,-92.3575257,38.9578251
1658,1460564423,355.9,0,on,-92.3575257,38.9578251
1658,1460564423,355.9,0,on,-92.3575257,38.9578251
1658,1460564423,355.9,0,on,-92.3575257,38.9578251
1658,1460564423,355.9,0,on,-92.3575257,38.9578251
1658,1460564433,355.9,0,on,-92.3575257,38.9578251
1658,1460564433,355.9,0,on,-92.3575257,38.9578251
1658,1460564433,355.9,0,on,-92.3575257,38.9578251
1658,1460564433,355.9,0,on,-92.3575257,38.9578251
1658,1460564433,355.9,0,on,-92.3575257,38.9578251
1658,1460564433,355.9,0,on,-92.3575257,38.9578251
1658,1460564433,355.9,0,on,-92.3575257,38.9578251
1658,1460564433,355.9,0,on,-92.3575257,38.9578251
1658,1460564433,355.9,0,on,-92.3575257,38.9578251
1658,1460564433,355.9,0,on,-92.3575257,38.9578251
1658,1460564443,355.9,0,on,-92.3575257,38.9578251
1658,1460564443,355.9,0,on,-92.3575257,38.9578251
1658,1460564443,355.9,0,on,-92.3575257,38.9578251
1658,1460564443,355.9,0,on,-92.3575257,38.9578251
1658,1460564443,355.9,0,on,-92.3575257,38.9578251
1658,1460564443,355.9,0,on,-92.3575257,38.9578251
1658,1460564443,355.9,0,on,-92.3575257,38.9578251
1658,1460564443,355.9,0,on,-92.3575257,38.9578251
1658,1460564443,355.9,0,on,-92.3575257,38.9578251
1658,1460564453,355.9,0,on,-92.3575257,38.9578251
1658,1460564453,355.9,0,on,-92.3575257,38.9578251
1658,1460564453,355.9,0,on,-92.3575257,38.9578251
1658,1460564453,355.9,0,on,-92.3575257,38.9578251
1658,1460564453,355.9,0,on,-92.3575257,38.9578251
1658,1460564453,355.9,0,on,-92.3575257,38.9578251
1658,1460564453,355.9,0,on,-92.3575257,38.9578251
1658,1460564453,355.9,0,on,-92.3575257,38.9578251
1658,1460564453,355.9,0,on,-92.3575257,38.9578251
1658,1460564463,355.9,0,on,-92.3575257,38.9578251
1658,1460564463,355.9,0,on,-92.3575257,38.9578251
1658,1460564463,355.9,0,on,-92.3575257,38.9578251
1658,1460564463,355.9,0,on,-92.3575257,38.9578251
1658,1460564463,355.9,0,on,-92.3575257,38.9578251
1658,1460564463,355.9,0,on,-92.3575257,38.9578251
1658,1460564463,355.9,0,on,-92.3575257,38.9578251
1658,1460564473,355.9,0,on,-92.3575257,38.9578251
1658,1460564473,355.9,0,on,-92.3575257,38.9578251
1658,1460564473,355.9,0,on,-92.3575257,38.9578251
1658,1460564473,355.9,0,on,-92.3575257,38.9578251
1658,1460564473,355.9,0,on,-92.3575257,38.9578251
1658,1460564473,355.9,0,on,-92.3575257,38.9578251
1658,1460564473,355.9,0,on,-92.3575257,38.9578251
1658,1460564473,355.9,0,on,-92.3575257,38.9578251
1658,1460564473,355.9,0,on,-92.3575257,38.9578251
1658,1460564473,355.9,0,on,-92.3575257,38.9578251
1658,1460564483,355.9,0,on,-92.3575257,38.9578251
1658,1460564483,355.9,0,on,-92.3575257,38.9578251
1658,1460564483,355.9,0,on,-92.3575257,38.9578251
1658,1460564483,355.9,0,on,-92.3575257,38.9578251
1658,1460564483,355.9,0,on,-92.3575257,38.9578251
1658,1460564483,355.9,0,on,-92.3575257,38.9578251
1658,1460564483,355.9,0,on,-92.3575257,38.9578251
1658,1460564483,355.9,0,on,-92.3575257,38.9578251
1658,1460564483,355.9,0,on,-92.3575257,38.9578251
1658,1460564483,355.9,0,on,-92.3575257,38.9578251
1658,1460564493,355.9,0,on,-92.3575257,38.9578251
1658,1460564493,355.9,0,on,-92.3575257,38.9578251
1658,1460564493,355.9,0,on,-92.3575257,38.9578251
1658,1460564493,355.9,0,on,-92.3575257,38.9578251
1658,1460564493,355.9,0,on,-92.3575257,38.9578251
1658,1460564493,355.9,0,on,-92.3575257,38.9578251
1658,1460564493,355.9,0,on,-92.3575257,38.9578251
1658,1460564493,355.9,0,on,-92.3575257,38.9578251
1658,1460564503,355.9,0,on,-92.3575257,38.9578251
1658,1460564503,355.9,0,on,-92.3575257,38.9578251
1658,1460564503,355.9,0,on,-92.3575257,38.9578251
1658,1460564503,355.9,0,on,-92.3575257,38.9578251
1658,1460564503,355.9,0,on,-92.3575257,38.9578251
1658,1460564503,355.9,0,on,-92.3575257,38.9578251
1658,1460564503,355.9,0,on,-92.3575257,38.9578251
1658,1460564503,355.9,0,on,-92.3575257,38.9578251
1658,1460564503,355.9,0,on,-92.3575257,38.9578251
1658,1460564513,355.9,0,on,-92.3575257,38.9578251
1658,1460564513,355.9,0,on,-92.3575257,38.9578251
1658,1460564513,355.9,0,on,-92.3575257,38.9578251
1658,1460564513,355.9,0,on,-92.3575257,38.9578251
1658,1460564513,355.9,0,on,-92.3575257,38.9578251
1658,1460564513,355.9,0,on,-92.3575257,38.9578251
1658,1460564513,355.9,0,on,-92.3575257,38.9578251
1658,1460564513,355.9,0,on,-92.3575257,38.9578251
1658,1460564513,355.9,0,on,-92.3575257,38.9578251
1658,1460564523,355.9,0,on,-92.3575257,38.9578251
1658,1460564523,355.9,0,on,-92.3575257,38.9578251
1658,1460564523,355.9,0,on,-92.3575257,38.9578251
1658,1460564523,355.9,0,on,-92.3575257,38.9578251
1658,1460564523,355.9,0,on,-92.3575257,38.9578251
1658,1460564523,355.9,0,on,-92.3575257,38.9578251
1658,1460564523,355.9,0,on,-92.3575257,38.9578251
1658,1460564523,355.9,0,on,-92.3575257,38.9578251
1658,1460564523,355.9,0,on,-92.3575257,38.9578251
1658,1460564533,355.9,0,on,-92.3575257,38.9578251
1658,1460564533,355.9,0,on,-92.3575257,38.9578251
1658,1460564533,355.9,0,on,-92.3575257,38.9578251
1658,1460564533,355.9,0,on,-92.3575257,38.9578251
1658,1460564533,355.9,0,on,-92.3575257,38.9578251
1658,1460564533,355.9,0,on,-92.3575257,38.9578251
1658,1460564533,355.9,0,on,-92.3575257,38.9578251
1658,1460564533,355.9,0,on,-92.3575257,38.9578251
1658,1460564533,355.9,0,on,-92.3575257,38.9578251
1658,1460564543,355.9,0,on,-92.3575257,38.9578251
1658,1460564543,355.9,0,on,-92.3575257,38.9578251
1658,1460564543,355.9,0,on,-92.3575257,38.9578251
1658,1460564543,355.9,0,on,-92.3575257,38.9578251
1658,1460564543,355.9,0,on,-92.3575257,38.9578251
1658,1460564543,355.9,0,on,-92.3575257,38.9578251
1658,1460564543,355.9,0,on,-92.3575257,38.9578251
1658,1460564543,355.9,0,on,-92.3575257,38.9578251
1658,1460564543,355.9,0,on,-92.3575257,38.9578251
1658,1460564543,355.9,0,on,-92.3575257,38.9578251
1658,1460564553,355.9,0,on,-92.3575257,38.9578251
1658,1460564553,355.9,0,on,-92.3575257,38.9578251
1658,1460564553,355.9,0,on,-92.3575257,38.9578251
1658,1460564553,355.9,0,on,-92.3575257,38.9578251
1658,1460564553,355.9,0,on,-92.3575257,38.9578251
1658,1460564553,355.9,0,on,-92.3575257,38.9578251
1658,1460564553,355.9,0,on,-92.3575257,38.9578251
1658,1460564553,355.9,0,on,-92.3575257,38.9578251
1658,1460564563,355.9,0,on,-92.3575257,38.9578251
1658,1460564563,355.9,0,on,-92.3575257,38.9578251
1658,1460564563,355.9,0,on,-92.3575257,38.9578251
1658,1460564563,355.9,0,on,-92.3575257,38.9578251
1658,1460564563,355.9,0,on,-92.3575257,38.9578251
1658,1460564563,355.9,0,on,-92.3575257,38.9578251
1658,1460564573,355.9,0,on,-92.3575257,38.9578251
1658,1460564573,355.9,0,on,-92.3575257,38.9578251
1658,1460564573,355.9,0,on,-92.3575257,38.9578251
1658,1460564573,355.9,0,on,-92.3575257,38.9578251
1658,1460564573,355.9,0,on,-92.3575257,38.9578251
1658,1460564573,355.9,0,on,-92.3575257,38.9578251
1658,1460564573,355.9,0,on,-92.3575257,38.9578251
1658,1460564573,355.9,0,on,-92.3575257,38.9578251
1658,1460564573,355.9,0,on,-92.3575257,38.9578251
1658,1460564573,355.9,0,on,-92.3575257,38.9578251
1658,1460564583,355.9,0,on,-92.3575257,38.9578251
1658,1460564583,355.9,0,on,-92.3575257,38.9578251
1658,1460564583,355.9,0,on,-92.3575257,38.9578251
1658,1460564583,355.9,0,on,-92.3575257,38.9578251
1658,1460564583,355.9,0,on,-92.3575257,38.9578251
1658,1460564593,355.9,0,on,-92.3575257,38.9578251
1658,1460564593,355.9,0,on,-92.3575257,38.9578251
1658,1460564593,355.9,0,on,-92.3575257,38.9578251
1658,1460564593,355.9,0,on,-92.3575257,38.9578251
1658,1460564593,355.9,0,on,-92.3575257,38.9578251
1658,1460564593,355.9,0,on,-92.3575257,38.9578251
1658,1460564593,355.9,0,on,-92.3575257,38.9578251
1658,1460564593,355.9,0,on,-92.3575257,38.9578251
1658,1460564593,355.9,0,on,-92.3575257,38.9578251
1658,1460564593,355.9,0,on,-92.3575257,38.9578251
1658,1460564603,355.9,0,on,-92.3575257,38.9578251
1658,1460564603,355.9,0,on,-92.3575257,38.9578251
1658,1460564603,355.9,0,on,-92.3575257,38.9578251
1658,1460564603,355.9,0,on,-92.3575257,38.9578251
1658,1460564603,355.9,0,on,-92.3575257,38.9578251
1658,1460564603,355.9,0,on,-92.3575257,38.9578251
1658,1460564603,355.9,0,on,-92.3575257,38.9578251
1658,1460564603,355.9,0,on,-92.3575257,38.9578251
1658,1460564613,355.9,0,on,-92.3575257,38.9578251
1658,1460564613,355.9,0,on,-92.3575257,38.9578251
1658,1460564613,355.9,0,on,-92.3575257,38.9578251
1658,1460564613,355.9,0,on,-92.3575257,38.9578251
1658,1460564613,355.9,0,on,-92.3575257,38.9578251
1658,1460564613,355.9,0,on,-92.3575257,38.9578251
1658,1460564613,355.9,0,on,-92.3575257,38.9578251
1658,1460564613,355.9,0,on,-92.3575257,38.9578251
1658,1460564613,355.9,0,on,-92.3575257,38.9578251
1658,1460564623,355.9,0,on,-92.3575257,38.9578251
1658,1460564623,355.9,0,on,-92.3575257,38.9578251
1658,1460564623,355.9,0,on,-92.3575257,38.9578251
1658,1460564623,355.9,0,on,-92.3575257,38.9578251
1658,1460564623,355.9,0,on,-92.3575257,38.9578251
1658,1460564623,355.9,0,on,-92.3575257,38.9578251
1658,1460564623,355.9,0,on,-92.3575257,38.9578251
1658,1460564623,355.9,0,on,-92.3575257,38.9578251
1658,1460564623,355.9,0,on,-92.3575257,38.9578251
1658,1460564633,355.9,0,on,-92.3575257,38.9578251
1658,1460564633,355.9,0,on,-92.3575257,38.9578251
1658,1460564633,355.9,0,on,-92.3575257,38.9578251
1658,1460564633,355.9,0,on,-92.3575257,38.9578251
1658,1460564633,355.9,0,on,-92.3575257,38.9578251
1658,1460564633,355.9,0,on,-92.3575257,38.9578251
1658,1460564633,355.9,0,on,-92.3575257,38.9578251
1658,1460564633,355.9,0,on,-92.3575257,38.9578251
1658,1460564633,355.9,0,on,-92.3575257,38.9578251
1658,1460564633,355.9,0,on,-92.3575257,38.9578251
1658,1460564643,355.9,0,on,-92.3575257,38.9578251
1658,1460564643,355.9,0,on,-92.3575257,38.9578251
1658,1460564643,355.9,0,on,-92.3575257,38.9578251
1658,1460564643,355.9,0,on,-92.3575257,38.9578251
1658,1460564643,355.9,0,on,-92.3575257,38.9578251
1658,1460564643,355.9,0,on,-92.3575257,38.9578251
1658,1460564643,355.9,0,on,-92.3575257,38.9578251
1658,1460564643,355.9,0,on,-92.3575257,38.9578251
1658,1460564643,355.9,0,on,-92.3575257,38.9578251
1658,1460564653,355.9,0,on,-92.3575257,38.9578251
1658,1460564653,355.9,0,on,-92.3575257,38.9578251
1658,1460564653,355.9,0,on,-92.3575257,38.9578251
1658,1460564653,355.9,0,on,-92.3575257,38.9578251
1658,1460564653,355.9,0,on,-92.3575257,38.9578251
1658,1460564653,355.9,0,on,-92.3575257,38.9578251
1658,1460564653,355.9,0,on,-92.3575257,38.9578251
1658,1460564653,355.9,0,on,-92.3575257,38.9578251
1658,1460564653,355.9,0,on,-92.3575257,38.9578251
1658,1460564663,355.9,0,on,-92.3575257,38.9578251
1658,1460564663,355.9,0,on,-92.3575257,38.9578251
1658,1460564663,355.9,0,on,-92.3575257,38.9578251
1658,1460564663,355.9,0,on,-92.3575257,38.9578251
1658,1460564663,355.9,0,on,-92.3575257,38.9578251
1658,1460564663,355.9,0,on,-92.3575257,38.9578251
1658,1460564663,355.9,0,on,-92.3575257,38.9578251
1658,1460564663,355.9,0,on,-92.3575257,38.9578251
1658,1460564663,355.9,0,on,-92.3575257,38.9578251
1658,1460564663,355.9,0,on,-92.3575257,38.9578251
1658,1460564673,355.9,0,on,-92.3575257,38.9578251
1658,1460564673,355.9,0,on,-92.3575257,38.9578251
1658,1460564673,355.9,0,on,-92.3575257,38.9578251
1658,1460564673,355.9,0,on,-92.3575257,38.9578251
1658,1460564673,355.9,0,on,-92.3575257,38.9578251
1658,1460564673,355.9,0,on,-92.3575257,38.9578251
1658,1460564673,355.9,0,on,-92.3575257,38.9578251
1658,1460564673,355.9,0,on,-92.3575257,38.9578251
1658,1460564673,355.9,0,on,-92.3575257,38.9578251
1658,1460564683,355.9,0,on,-92.3575257,38.9578251
1658,1460564683,355.9,0,on,-92.3575257,38.9578251
1658,1460564683,355.9,0,on,-92.3575257,38.9578251
1658,1460564683,355.9,0,on,-92.3575257,38.9578251
1658,1460564683,355.9,0,on,-92.3575257,38.9578251
1658,1460564683,355.9,0,on,-92.3575257,38.9578251
1658,1460564683,355.9,0,on,-92.3575257,38.9578251
1658,1460564693,355.9,0,on,-92.3575257,38.9578251
1658,1460564693,355.9,0,on,-92.3575257,38.9578251
1658,1460564693,355.9,0,on,-92.3575257,38.9578251
1658,1460564693,355.9,0,on,-92.3575257,38.9578251
1658,1460564693,355.9,0,on,-92.3575257,38.9578251
1658,1460564693,355.9,0,on,-92.3575257,38.9578251
1658,1460564693,355.9,0,on,-92.3575257,38.9578251
1658,1460564693,355.9,0,on,-92.3575257,38.9578251
1658,1460564703,355.9,0,on,-92.3575257,38.9578251
1658,1460564703,355.9,0,on,-92.3575257,38.9578251
1658,1460564703,355.9,0,on,-92.3575257,38.9578251
1658,1460564703,355.9,0,on,-92.3575257,38.9578251
1658,1460564703,355.9,0,on,-92.3575257,38.9578251
1658,1460564703,355.9,0,on,-92.3575257,38.9578251
1658,1460564713,355.9,0,on,-92.3575257,38.9578251
1658,1460564713,355.9,0,on,-92.3575257,38.9578251
1658,1460564713,355.9,0,on,-92.3575257,38.9578251
1658,1460564713,355.9,0,on,-92.3575257,38.9578251
1658,1460564713,355.9,0,on,-92.3575257,38.9578251
1658,1460564713,355.9,0,on,-92.3575257,38.9578251
1658,1460564713,355.9,0,on,-92.3575257,38.9578251
1658,1460564713,355.9,0,on,-92.3575257,38.9578251
1658,1460564713,355.9,0,on,-92.3575257,38.9578251
1658,1460564723,355.9,0,on,-92.3575257,38.9578251
1658,1460564723,355.9,0,on,-92.3575257,38.9578251
1658,1460564723,355.9,0,on,-92.3575257,38.9578251
1658,1460564723,355.9,0,on,-92.3575257,38.9578251
1658,1460564723,355.9,0,on,-92.3575257,38.9578251
1658,1460564723,355.9,0,on,-92.3575257,38.9578251
1658,1460564723,355.9,0,on,-92.3575257,38.9578251
1658,1460564723,355.9,0,on,-92.3575257,38.9578251
1658,1460564723,355.9,0,on,-92.3575257,38.9578251
1658,1460564733,355.9,0,on,-92.3575257,38.9578251
1658,1460564733,355.9,0,on,-92.3575257,38.9578251
1658,1460564733,355.9,0,on,-92.3575257,38.9578251
1658,1460564733,355.9,0,on,-92.3575257,38.9578251
1658,1460564733,355.9,0,on,-92.3575257,38.9578251
1658,1460564733,355.9,0,on,-92.3575257,38.9578251
1658,1460564733,355.9,0,on,-92.3575257,38.9578251
1658,1460564733,355.9,0,on,-92.3575257,38.9578251
1658,1460564733,355.9,0,on,-92.3575257,38.9578251
1658,1460564743,355.9,0,on,-92.3575257,38.9578251
1658,1460564743,355.9,0,on,-92.3575257,38.9578251
1658,1460564743,355.9,0,on,-92.3575257,38.9578251
1658,1460564743,355.9,0,on,-92.3575257,38.9578251
1658,1460564743,355.9,0,on,-92.3575257,38.9578251
1658,1460564743,355.9,0,on,-92.3575257,38.9578251
1658,1460564743,355.9,0,on,-92.3575257,38.9578251
1658,1460564743,355.9,0,on,-92.3575257,38.9578251
1658,1460564753,355.9,0,on,-92.3575257,38.9578251
1658,1460564753,355.9,0,on,-92.3575257,38.9578251
1658,1460564753,355.9,0,on,-92.3575257,38.9578251
1658,1460564753,355.9,0,on,-92.3575257,38.9578251
1658,1460564753,355.9,0,on,-92.3575257,38.9578251
1658,1460564753,355.9,0,on,-92.3575257,38.9578251
1658,1460564753,355.9,0,on,-92.3575257,38.9578251
1658,1460564753,355.9,0,on,-92.3575257,38.9578251
1658,1460564753,355.9,0,on,-92.3575257,38.9578251
1658,1460564763,355.9,0,on,-92.3575257,38.9578251
1658,1460564763,355.9,0,on,-92.3575257,38.9578251
1658,1460564763,355.9,0,on,-92.3575257,38.9578251
1658,1460564763,355.9,0,on,-92.3575257,38.9578251
1658,1460564763,355.9,0,on,-92.3575257,38.9578251
1658,1460564763,355.9,0,on,-92.3575257,38.9578251
1658,1460564763,355.9,0,on,-92.3575257,38.9578251
1658,1460564763,355.9,0,on,-92.3575257,38.9578251
1658,1460564763,355.9,0,on,-92.3575257,38.9578251
1658,1460564773,355.9,0,on,-92.3575257,38.9578251
1658,1460564773,355.9,0,on,-92.3575257,38.9578251
1658,1460564773,355.9,0,on,-92.3575257,38.9578251
1658,1460564773,355.9,0,on,-92.3575257,38.9578251
1658,1460564773,355.9,0,on,-92.3575257,38.9578251
1658,1460564773,355.9,0,on,-92.3575257,38.9578251
1658,1460564773,355.9,0,on,-92.3575257,38.9578251
1658,1460564773,355.9,0,on,-92.3575257,38.9578251
1658,1460564773,355.9,0,on,-92.3575257,38.9578251
1658,1460564783,355.9,0,on,-92.3575257,38.9578251
1658,1460564783,355.9,0,on,-92.3575257,38.9578251
1658,1460564783,355.9,0,on,-92.3575257,38.9578251
1658,1460564783,355.9,0,on,-92.3575257,38.9578251
1658,1460564783,355.9,0,on,-92.3575257,38.9578251
1658,1460564783,355.9,0,on,-92.3575257,38.9578251
1658,1460564783,355.9,0,on,-92.3575257,38.9578251
1658,1460564783,355.9,0,on,-92.3575257,38.9578251
1658,1460564783,355.9,0,on,-92.3575257,38.9578251
1658,1460564793,355.9,0,on,-92.3575257,38.9578251
1658,1460564793,355.9,0,on,-92.3575257,38.9578251
1658,1460564793,355.9,0,on,-92.3575257,38.9578251
1658,1460564793,355.9,0,on,-92.3575257,38.9578251
1658,1460564793,355.9,0,on,-92.3575257,38.9578251
1658,1460564793,355.9,0,on,-92.3575257,38.9578251
1658,1460564793,355.9,0,on,-92.3575257,38.9578251
1658,1460564793,355.9,0,on,-92.3575257,38.9578251
1658,1460564793,355.9,0,on,-92.3575257,38.9578251
1658,1460564803,355.9,0,on,-92.3575257,38.9578251
1658,1460564803,355.9,0,on,-92.3575257,38.9578251
1658,1460564803,355.9,0,on,-92.3575257,38.9578251
1658,1460564803,355.9,0,on,-92.3575257,38.9578251
1658,1460564803,355.9,0,on,-92.3575257,38.9578251
1658,1460564803,355.9,0,on,-92.3575257,38.9578251
1658,1460564803,355.9,0,on,-92.3575257,38.9578251
1658,1460564803,355.9,0,on,-92.3575257,38.9578251
1658,1460564813,355.9,0,on,-92.3575257,38.9578251
1658,1460564813,355.9,0,on,-92.3575257,38.9578251
1658,1460564813,355.9,0,on,-92.3575257,38.9578251
1658,1460564813,355.9,0,on,-92.3575257,38.9578251
1658,1460564813,355.9,0,on,-92.3575257,38.9578251
1658,1460564813,355.9,0,on,-92.3575257,38.9578251
1658,1460564813,355.9,0,on,-92.3575257,38.9578251
1658,1460564813,355.9,0,on,-92.3575257,38.9578251
1658,1460564813,355.9,0,on,-92.3575257,38.9578251
1658,1460564823,355.9,0,on,-92.3575257,38.9578251
1658,1460564823,355.9,0,on,-92.3575257,38.9578251
1658,1460564823,355.9,0,on,-92.3575257,38.9578251
1658,1460564823,355.9,0,on,-92.3575257,38.9578251
1658,1460564823,355.9,0,on,-92.3575257,38.9578251
1658,1460564823,355.9,0,on,-92.3575257,38.9578251
1658,1460564833,355.9,0,on,-92.3575257,38.9578251
1658,1460564833,355.9,0,on,-92.3575257,38.9578251
1658,1460564833,355.9,0,on,-92.3575257,38.9578251
1658,1460564833,355.9,0,on,-92.3575257,38.9578251
1658,1460564833,355.9,0,on,-92.3575257,38.9578251
1658,1460564833,355.9,0,on,-92.3575257,38.9578251
1658,1460564833,355.9,0,on,-92.3575257,38.9578251
1658,1460564833,355.9,0,on,-92.3575257,38.9578251
1658,1460564843,355.9,0,on,-92.3575257,38.9578251
1658,1460564843,355.9,0,on,-92.3575257,38.9578251
1658,1460564843,355.9,0,on,-92.3575257,38.9578251
1658,1460564843,355.9,0,on,-92.3575257,38.9578251
1658,1460564843,355.9,0,on,-92.3575257,38.9578251
1658,1460564843,355.9,0,on,-92.3575257,38.9578251
1658,1460564843,355.9,0,on,-92.3575257,38.9578251
1658,1460564843,355.9,0,on,-92.3575257,38.9578251
1658,1460564843,355.9,0,on,-92.3575257,38.9578251
1658,1460564853,355.9,0,on,-92.3575257,38.9578251
1658,1460564853,355.9,0,on,-92.3575257,38.9578251
1658,1460564853,355.9,0,on,-92.3575257,38.9578251
1658,1460564853,355.9,0,on,-92.3575257,38.9578251
1658,1460564853,355.9,0,on,-92.3575257,38.9578251
1658,1460564853,355.9,0,on,-92.3575257,38.9578251
1658,1460564853,355.9,0,on,-92.3575257,38.9578251
1658,1460564853,355.9,0,on,-92.3575257,38.9578251
1658,1460564863,355.9,0,on,-92.3575257,38.9578251
1658,1460564863,355.9,0,on,-92.3575257,38.9578251
1658,1460564863,355.9,0,on,-92.3575257,38.9578251
1658,1460564863,355.9,0,on,-92.3575257,38.9578251
1658,1460564863,355.9,0,on,-92.3575257,38.9578251
1658,1460564863,355.9,0,on,-92.3575257,38.9578251
1658,1460564863,355.9,0,on,-92.3575257,38.9578251
1658,1460564863,355.9,0,on,-92.3575257,38.9578251
1658,1460564863,355.9,0,on,-92.3575257,38.9578251
1658,1460564863,355.9,0,on,-92.3575257,38.9578251
1658,1460564873,355.9,0,on,-92.3575257,38.9578251
1658,1460564873,355.9,0,on,-92.3575257,38.9578251
1658,1460564873,355.9,0,on,-92.3575257,38.9578251
1658,1460564873,355.9,0,on,-92.3575257,38.9578251
1658,1460564873,355.9,0,on,-92.3575257,38.9578251
1658,1460564873,355.9,0,on,-92.3575257,38.9578251
1658,1460564881,8.9,9.8,on,-92.3575092,38.9579035
1658,1460564881,8.9,9.8,on,-92.3575092,38.9579035
1658,1460564881,8.9,9.8,on,-92.3575092,38.9579035
1658,1460564881,8.9,9.8,on,-92.3575092,38.9579035
1658,1460564881,8.9,9.8,on,-92.3575092,38.9579035
1658,1460564881,8.9,9.8,on,-92.3575092,38.9579035
1658,1460564881,8.9,9.8,on,-92.3575092,38.9579035
1658,1460564881,8.9,9.8,on,-92.3575092,38.9579035
1658,1460564881,8.9,9.8,on,-92.3575092,38.9579035
1658,1460564891,16.2,7,on,-92.3574475,38.9586128
1658,1460564891,16.2,7,on,-92.3574475,38.9586128
1658,1460564891,16.2,7,on,-92.3574475,38.9586128
1658,1460564891,16.2,7,on,-92.3574475,38.9586128
1658,1460564891,16.2,7,on,-92.3574475,38.9586128
1658,1460564891,16.2,7,on,-92.3574475,38.9586128
1658,1460564891,16.2,7,on,-92.3574475,38.9586128
1658,1460564891,16.2,7,on,-92.3574475,38.9586128
1658,1460564891,16.2,7,on,-92.3574475,38.9586128
1658,1460564901,192.9,6.6,on,-92.3575349,38.9587306
1658,1460564901,192.9,6.6,on,-92.3575349,38.9587306
1658,1460564901,192.9,6.6,on,-92.3575349,38.9587306
1658,1460564901,192.9,6.6,on,-92.3575349,38.9587306
1658,1460564901,192.9,6.6,on,-92.3575349,38.9587306
1658,1460564901,192.9,6.6,on,-92.3575349,38.9587306
1658,1460564901,192.9,6.6,on,-92.3575349,38.9587306
1658,1460564901,192.9,6.6,on,-92.3575349,38.9587306
1658,1460564901,192.9,6.6,on,-92.3575349,38.9587306
1658,1460564901,192.9,6.6,on,-92.3575349,38.9587306
1658,1460564911,187.3,3.2,on,-92.3575809,38.9584346
1658,1460564911,187.3,3.2,on,-92.3575809,38.9584346
1658,1460564911,187.3,3.2,on,-92.3575809,38.9584346
1658,1460564911,187.3,3.2,on,-92.3575809,38.9584346
1658,1460564911,187.3,3.2,on,-92.3575809,38.9584346
1658,1460564911,187.3,3.2,on,-92.3575809,38.9584346
1658,1460564911,187.3,3.2,on,-92.3575809,38.9584346
1658,1460564911,187.3,3.2,on,-92.3575809,38.9584346
1658,1460564921,178,8.3,on,-92.3575765,38.9582308
1658,1460564921,178,8.3,on,-92.3575765,38.9582308
1658,1460564921,178,8.3,on,-92.3575765,38.9582308
1658,1460564921,178,8.3,on,-92.3575765,38.9582308
1658,1460564921,178,8.3,on,-92.3575765,38.9582308
1658,1460564921,178,8.3,on,-92.3575765,38.9582308
1658,1460564921,178,8.3,on,-92.3575765,38.9582308
1658,1460564931,180.7,5.3,on,-92.357547,38.9578933
1658,1460564931,180.7,5.3,on,-92.357547,38.9578933
1658,1460564933,181.3,0,on,-92.3575488,38.9578783
1658,1460564933,181.3,0,on,-92.3575488,38.9578783
1658,1460564933,181.3,0,on,-92.3575488,38.9578783
1658,1460564933,181.3,0,on,-92.3575488,38.9578783
1658,1460564933,181.3,0,on,-92.3575488,38.9578783
1658,1460564933,181.3,0,on,-92.3575488,38.9578783
1658,1460564933,181.3,0,on,-92.3575488,38.9578783
1658,1460564933,181.3,0,on,-92.3575488,38.9578783
1658,1460564933,181.3,0,on,-92.3575488,38.9578783
1658,1460564943,181.3,0,on,-92.3575486,38.9578798
1658,1460564945,182.2,6.1,on,-92.3575512,38.9578486
1658,1460564945,182.2,6.1,on,-92.3575512,38.9578486
1658,1460564945,182.2,6.1,on,-92.3575512,38.9578486
1658,1460564945,182.2,6.1,on,-92.3575512,38.9578486
1658,1460564945,182.2,6.1,on,-92.3575512,38.9578486
1658,1460564945,182.2,6.1,on,-92.3575512,38.9578486
1658,1460564945,182.2,6.1,on,-92.3575512,38.9578486
1658,1460564955,182.1,16.2,on,-92.3575165,38.9573645
1658,1460564955,182.1,16.2,on,-92.3575165,38.9573645
1658,1460564955,182.1,16.2,on,-92.3575165,38.9573645
1658,1460564955,182.1,16.2,on,-92.3575165,38.9573645
1658,1460564955,182.1,16.2,on,-92.3575165,38.9573645
1658,1460564955,182.1,16.2,on,-92.3575165,38.9573645
1658,1460564955,182.1,16.2,on,-92.3575165,38.9573645
1658,1460564955,182.1,16.2,on,-92.3575165,38.9573645
1658,1460564965,176.6,16.6,on,-92.3575536,38.9566944
1658,1460564965,176.6,16.6,on,-92.3575536,38.9566944
1658,1460564965,176.6,16.6,on,-92.3575536,38.9566944
1658,1460564965,176.6,16.6,on,-92.3575536,38.9566944
1658,1460564965,176.6,16.6,on,-92.3575536,38.9566944
1658,1460564965,176.6,16.6,on,-92.3575536,38.9566944
1658,1460564965,176.6,16.6,on,-92.3575536,38.9566944
1658,1460564965,176.6,16.6,on,-92.3575536,38.9566944
1658,1460564965,176.6,16.6,on,-92.3575536,38.9566944
1658,1460564965,176.6,16.6,on,-92.3575536,38.9566944
1658,1460564975,198.9,3,on,-92.3575553,38.9562822
1658,1460564975,198.9,3,on,-92.3575553,38.9562822
1658,1460564975,198.9,3,on,-92.3575553,38.9562822
1658,1460564975,198.9,3,on,-92.3575553,38.9562822
1658,1460564975,198.9,3,on,-92.3575553,38.9562822
1658,1460564975,198.9,3,on,-92.3575553,38.9562822
1658,1460564975,198.9,3,on,-92.3575553,38.9562822
1658,1460564975,198.9,3,on,-92.3575553,38.9562822
1658,1460564975,198.9,3,on,-92.3575553,38.9562822
1658,1460564985,277.7,16.9,on,-92.3580606,38.9562746
1658,1460564985,277.7,16.9,on,-92.3580606,38.9562746
1658,1460564985,277.7,16.9,on,-92.3580606,38.9562746
1658,1460564985,277.7,16.9,on,-92.3580606,38.9562746
1658,1460564985,277.7,16.9,on,-92.3580606,38.9562746
1658,1460564985,277.7,16.9,on,-92.3580606,38.9562746
1658,1460564985,277.7,16.9,on,-92.3580606,38.9562746
1658,1460564985,277.7,16.9,on,-92.3580606,38.9562746
1658,1460564985,277.7,16.9,on,-92.3580606,38.9562746
1658,1460564985,277.7,16.9,on,-92.3580606,38.9562746
1658,1460564995,276.4,22.1,on,-92.3590868,38.9563716
1658,1460564995,276.4,22.1,on,-92.3590868,38.9563716
1658,1460564995,276.4,22.1,on,-92.3590868,38.9563716
1658,1460564995,276.4,22.1,on,-92.3590868,38.9563716
1658,1460564995,276.4,22.1,on,-92.3590868,38.9563716
1658,1460564995,276.4,22.1,on,-92.3590868,38.9563716
1658,1460564995,276.4,22.1,on,-92.3590868,38.9563716
1658,1460564995,276.4,22.1,on,-92.3590868,38.9563716
1658,1460564995,276.4,22.1,on,-92.3590868,38.9563716
1658,1460564995,276.4,22.1,on,-92.3590868,38.9563716
1658,1460565005,276.9,24.4,on,-92.3602889,38.956492
1658,1460565005,276.9,24.4,on,-92.3602889,38.956492
1658,1460565005,276.9,24.4,on,-92.3602889,38.956492
1658,1460565005,276.9,24.4,on,-92.3602889,38.956492
1658,1460565005,276.9,24.4,on,-92.3602889,38.956492
1658,1460565005,276.9,24.4,on,-92.3602889,38.956492
1658,1460565005,276.9,24.4,on,-92.3602889,38.956492
1658,1460565005,276.9,24.4,on,-92.3602889,38.956492
1658,1460565015,276.9,23.3,on,-92.3615262,38.9566289
1658,1460565015,276.9,23.3,on,-92.3615262,38.9566289
1658,1460565015,276.9,23.3,on,-92.3615262,38.9566289
1658,1460565015,276.9,23.3,on,-92.3615262,38.9566289
1658,1460565015,276.9,23.3,on,-92.3615262,38.9566289
1658,1460565015,276.9,23.3,on,-92.3615262,38.9566289
1658,1460565015,276.9,23.3,on,-92.3615262,38.9566289
1658,1460565015,276.9,23.3,on,-92.3615262,38.9566289
1658,1460565015,276.9,23.3,on,-92.3615262,38.9566289
1658,1460565024,279.6,0,on,-92.3620711,38.9566886
1658,1460565024,279.6,0,on,-92.3620711,38.9566886
1658,1460565024,279.6,0,on,-92.3620711,38.9566886
1658,1460565024,279.6,0,on,-92.3620711,38.9566886
1658,1460565024,279.6,0,on,-92.3620711,38.9566886
1658,1460565024,279.6,0,on,-92.3620711,38.9566886
1658,1460565024,279.6,0,on,-92.3620711,38.9566886
1658,1460565032,277,7.4,on,-92.3621177,38.9566894
1658,1460565032,277,7.4,on,-92.3621177,38.9566894
1658,1460565032,277,7.4,on,-92.3621177,38.9566894
1658,1460565032,277,7.4,on,-92.3621177,38.9566894
1658,1460565032,277,7.4,on,-92.3621177,38.9566894
1658,1460565032,277,7.4,on,-92.3621177,38.9566894
1658,1460565032,277,7.4,on,-92.3621177,38.9566894
1658,1460565032,277,7.4,on,-92.3621177,38.9566894
1658,1460565032,277,7.4,on,-92.3621177,38.9566894
1658,1460565042,277.1,18.7,on,-92.362983,38.9567648
1658,1460565042,277.1,18.7,on,-92.362983,38.9567648
1658,1460565042,277.1,18.7,on,-92.362983,38.9567648
1658,1460565042,277.1,18.7,on,-92.362983,38.9567648
1658,1460565042,277.1,18.7,on,-92.362983,38.9567648
1658,1460565042,277.1,18.7,on,-92.362983,38.9567648
1658,1460565042,277.1,18.7,on,-92.362983,38.9567648
1658,1460565042,277.1,18.7,on,-92.362983,38.9567648
1658,1460565052,277.8,23.5,on,-92.3640281,38.956864
1658,1460565052,277.8,23.5,on,-92.3640281,38.956864
1658,1460565052,277.8,23.5,on,-92.3640281,38.956864
1658,1460565052,277.8,23.5,on,-92.3640281,38.956864
1658,1460565052,277.8,23.5,on,-92.3640281,38.956864
1658,1460565052,277.8,23.5,on,-92.3640281,38.956864
1658,1460565052,277.8,23.5,on,-92.3640281,38.956864
1658,1460565052,277.8,23.5,on,-92.3640281,38.956864
1658,1460565052,277.8,23.5,on,-92.3640281,38.956864
1658,1460565052,277.8,23.5,on,-92.3640281,38.956864
1658,1460565062,274,30.3,on,-92.3654274,38.9569857
1658,1460565062,274,30.3,on,-92.3654274,38.9569857
1658,1460565062,274,30.3,on,-92.3654274,38.9569857
1658,1460565062,274,30.3,on,-92.3654274,38.9569857
1658,1460565062,274,30.3,on,-92.3654274,38.9569857
1658,1460565062,274,30.3,on,-92.3654274,38.9569857
1658,1460565072,277,30.1,on,-92.3669876,38.9571107
1658,1460565072,277,30.1,on,-92.3669876,38.9571107
1658,1460565072,277,30.1,on,-92.3669876,38.9571107
1658,1460565072,277,30.1,on,-92.3669876,38.9571107
1658,1460565072,277,30.1,on,-92.3669876,38.9571107
1658,1460565072,277,30.1,on,-92.3669876,38.9571107
1658,1460565072,277,30.1,on,-92.3669876,38.9571107
1658,1460565072,277,30.1,on,-92.3669876,38.9571107
1658,1460565082,277.4,27.5,on,-92.3684927,38.9572577
1658,1460565082,277.4,27.5,on,-92.3684927,38.9572577
1658,1460565082,277.4,27.5,on,-92.3684927,38.9572577
1658,1460565082,277.4,27.5,on,-92.3684927,38.9572577
1658,1460565082,277.4,27.5,on,-92.3684927,38.9572577
1658,1460565082,277.4,27.5,on,-92.3684927,38.9572577
1658,1460565082,277.4,27.5,on,-92.3684927,38.9572577
1658,1460565082,277.4,27.5,on,-92.3684927,38.9572577
1658,1460565082,277.4,27.5,on,-92.3684927,38.9572577
1658,1460565092,1,14.9,on,-92.3690308,38.9575181
1658,1460565092,1,14.9,on,-92.3690308,38.9575181
1658,1460565092,1,14.9,on,-92.3690308,38.9575181
1658,1460565092,1,14.9,on,-92.3690308,38.9575181
1658,1460565092,1,14.9,on,-92.3690308,38.9575181
1658,1460565092,1,14.9,on,-92.3690308,38.9575181
1658,1460565092,1,14.9,on,-92.3690308,38.9575181
1658,1460565092,1,14.9,on,-92.3690308,38.9575181
1658,1460565092,1,14.9,on,-92.3690308,38.9575181
1658,1460565092,1,14.9,on,-92.3690308,38.9575181
1658,1460565102,0.7,24.4,on,-92.3690093,38.9584143
1658,1460565102,0.7,24.4,on,-92.3690093,38.9584143
1658,1460565102,0.7,24.4,on,-92.3690093,38.9584143
1658,1460565102,0.7,24.4,on,-92.3690093,38.9584143
1658,1460565102,0.7,24.4,on,-92.3690093,38.9584143
1658,1460565102,0.7,24.4,on,-92.3690093,38.9584143
1658,1460565102,0.7,24.4,on,-92.3690093,38.9584143
1658,1460565102,0.7,24.4,on,-92.3690093,38.9584143
1658,1460565102,0.7,24.4,on,-92.3690093,38.9584143
1658,1460565112,353.9,6.7,on,-92.368999,38.9591318
1658,1460565112,353.9,6.7,on,-92.368999,38.9591318
1658,1460565112,353.9,6.7,on,-92.368999,38.9591318
1658,1460565112,353.9,6.7,on,-92.368999,38.9591318
1658,1460565112,353.9,6.7,on,-92.368999,38.9591318
1658,1460565112,353.9,6.7,on,-92.368999,38.9591318
1658,1460565112,353.9,6.7,on,-92.368999,38.9591318
1658,1460565112,353.9,6.7,on,-92.368999,38.9591318
1658,1460565112,353.9,6.7,on,-92.368999,38.9591318
1658,1460565112,353.9,6.7,on,-92.368999,38.9591318
1658,1460565122,282.5,15.7,on,-92.3695548,38.959233
1658,1460565122,282.5,15.7,on,-92.3695548,38.959233
1658,1460565122,282.5,15.7,on,-92.3695548,38.959233
1658,1460565122,282.5,15.7,on,-92.3695548,38.959233
1658,1460565122,282.5,15.7,on,-92.3695548,38.959233
1658,1460565122,282.5,15.7,on,-92.3695548,38.959233
1658,1460565122,282.5,15.7,on,-92.3695548,38.959233
1658,1460565122,282.5,15.7,on,-92.3695548,38.959233
1658,1460565122,282.5,15.7,on,-92.3695548,38.959233
1658,1460565132,342,9.4,on,-92.3700633,38.9593564
1658,1460565132,342,9.4,on,-92.3700633,38.9593564
1658,1460565132,342,9.4,on,-92.3700633,38.9593564
1658,1460565132,342,9.4,on,-92.3700633,38.9593564
1658,1460565132,342,9.4,on,-92.3700633,38.9593564
1658,1460565132,342,9.4,on,-92.3700633,38.9593564
1658,1460565132,342,9.4,on,-92.3700633,38.9593564
1658,1460565132,342,9.4,on,-92.3700633,38.9593564
1658,1460565132,342,9.4,on,-92.3700633,38.9593564
1658,1460565132,342,9.4,on,-92.3700633,38.9593564
1658,1460565142,2.1,17.9,on,-92.3700422,38.9599969
1658,1460565142,2.1,17.9,on,-92.3700422,38.9599969
1658,1460565142,2.1,17.9,on,-92.3700422,38.9599969
1658,1460565142,2.1,17.9,on,-92.3700422,38.9599969
1658,1460565142,2.1,17.9,on,-92.3700422,38.9599969
1658,1460565142,2.1,17.9,on,-92.3700422,38.9599969
1658,1460565142,2.1,17.9,on,-92.3700422,38.9599969
1658,1460565142,2.1,17.9,on,-92.3700422,38.9599969
1658,1460565151,1.4,0,on,-92.3700094,38.9604019
1658,1460565151,1.4,0,on,-92.3700094,38.9604019
1658,1460565151,1.4,0,on,-92.3700094,38.9604019
1658,1460565151,1.4,0,on,-92.3700094,38.9604019
1658,1460565151,1.4,0,on,-92.3700094,38.9604019
1658,1460565151,1.4,0,on,-92.3700094,38.9604019
1658,1460565151,1.4,0,on,-92.3700094,38.9604019
1658,1460565151,1.4,0,on,-92.3700094,38.9604019
1658,1460565151,1.4,0,on,-92.3700094,38.9604019
1658,1460565151,1.4,0,on,-92.3700094,38.9604019
1658,1460565161,1.4,0,on,-92.3700076,38.9604018
1658,1460565161,1.4,0,on,-92.3700076,38.9604018
1658,1460565161,1.4,0,on,-92.3700076,38.9604018
1658,1460565161,1.4,0,on,-92.3700076,38.9604018
1658,1460565161,1.4,0,on,-92.3700076,38.9604018
1658,1460565161,1.4,0,on,-92.3700076,38.9604018
1658,1460565161,1.4,0,on,-92.3700076,38.9604018
