AssetTag,VIN,Manufacturer,Subtype,GPS_ID,Zonar_ID,License_Plate
374,2FYD2LL17SU015917,1995 NewFlyer 40ft,STANDARD,8541656,26,374
375,2FYD2LL19SU015918,1995 NewFlyer 40ft,STANDARD,8541651,32,375
1221,1HTWHAZT89J126798,,Street,8125319,82,1221
1222,1FTBT2B66FEC82838,,Parking,8125313,137,1222
1228,4V5JC2UF2YN869736,,Solid Waste,8125944,153,1228
1235,1FDWF37YX8EB94939,,Solid Waste,8125452,144,1235
1243,1HTWHAZT69J126797,,Street,8125317,77,1243
1246,AVW411414,,Parking,8125631,142,1246
1285,1GCEK14C18Z243446,,Sewer,8125456,134,1285
1296,1FDFE4FS5BDA34681,2011 Ford V10,STANDARD,8541585,37,1296
1297,1FDFE4FS7BDA34682,2011 Ford V10,STANDARD,8541584,35,1297
1298,1FDFE4FS8CDA26835,2012 Ford V10,STANDARD,8541592,38,1298
1299,1FDFE4FSXCDA26836,2012 Ford V10,STANDARD,8541586,36,1299
1301,15GGB2711C1180518,2012 Gillig 35ft,STANDARD,8541657,28,1301
1302,15GGB2713C1180519,2012 Gillig 35ft,STANDARD,8541566,21,1302
1303,15GGB271XC1180520,2012 Gillig 35ft,STANDARD,8541649,29,1303
1304,15GGD2717C1180517,2012 Gillig 40ft,STANDARD,8541510,22,1304
1305,15GGD2715C1180516,2012 Gillig 40ft,STANDARD,8541442,18,1305
1306,15GGB2711C1180521,2012 Gillig 35ft,STANDARD,8539708,19,1306
1314,1FDFE4FS9EDA78672,,,8083983,63,1314
1314,,,Auto-Created Sub-Type,,61,
1317,,,Auto-Created Sub-Type,,48,
1317,1FDFE4FS9EDA78669,,,8083991,53,1317
1318,1FDFE4FS5EDA78670,,STANDARD,8541788,46,1318
1319,1FDFE4FS7EDA78671,,Auto-Created Sub-Type,8541786,47,1319
1320,1FDFE4FS0EDA78673,,,8083988,62,1320
1320,,,Auto-Created Sub-Type,,60,
1321,1FDFE4FS2EDA78674,,STANDARD,8083994,51,1321
1401,1FDUF5GT3EEB02993,,Street,8125507,110,1401
1410,200T7H4C52J506727,,Street,8125943,84,1410
1411,1HTWHAZT7EH032512,,Street,8125518,79,1411
1415,1NKBL29X5FJ453303,,Street,8125322,92,1415
1419,1CYCCK4893T046119,,Solid Waste,8125945,157,1419
1420,1CYCCK4853T046120,,Solid Waste,8125519,116,1420
1426,1C4NJRBB4FD135960,,Parking,8125312,136,1426
1438,1FDXE45F21HB76731,2001 Diamond Cutaway,STANDARD,8541659,33,1438
1440,1GBJC34173E344369,,Street,8125500,111,1440
1441,1FDSF30S03ED59961,,Street,8125504,108,1441
1534,1FDRF3HT4CEB09263,,Street,8125491,105,1534
1545,1FDRF3HT0BEB42386,,Street,8125467,100,1545
1546,1FDRF3HT2BEB42387,,Street,8125465,99,1546
1547,1FDRF3HT3BEB58369,,Street,8125494,101,1547
1548,1FDRF3HT6BEB66871,,Street,8125498,106,1548
1549,1FDUF5GT1BEB70155,,Street,8125501,112,1549
1550,1FDRF3HT0CEA59316,,Street,8125499,107,1550
1551,1FDRF3HT8CEA45258,,Street,8125490,104,1551
1583,1DW772GXPDE655539,,Street,8125939,98,1583
1600,1GBP7C13X4F516832,,Street,8125327,76,1600
1608,2007C34D27E161283,,Street,8125453,94,1608
1609,1GBT8C4365F510373,,Street,8125515,97,1609
1610,1GBJK34698E199857,,Solid Waste,8125462,146,1610
1615,1FTSE3EL1CDA42754,,Parking,8125463,140,1615
1617,1HTWHAZT9EH032513,,Street,8125310,81,1617
1618,1GBT8C4375F509345,,Street,8125320,85,1618
1626,1GBJC34D37E160787,,Street,8125493,109,1626
1632,1GBJK34638E199160,,Street,8125455,95,1632
1633,1GBJK34688E212419,,Street,8125492,96,1633
1636,,,Street,8125505,122,1636
1640,1GBJC33D06F228442,,Street,8125496,102,1640
1645,5VCACLLE4FH218248,,Solid Waste,8125635,151,1645
1650,,,Street,8125933,165,1650
1651,1CYCCZ482FN051468,,Solid Waste,8125647,132,1651
1652,1CYCCZ483ET050873,,Solid Waste,8125649,131,1652
1653,1CYCCZ485ET050874,,Solid Waste,8125634,145,1653
1654,1CYCC2488ET051193,,Solid Waste,8125644,133,1654
1655,,,Auto-Created Sub-Type,8125646,185,1655
1656,,,,8125526,188,1656
1657,,,Auto-Created Sub-Type,8125522,184,1657
1658,,,Auto-Created Sub-Type,8125643,186,1658
1661,15GGD2710A1177780,2007 Gillig 40ft,STANDARD,8541654,25,1661
1662,15GGD2712A1177781,2010 Gillig 40ft,STANDARD,8541598,16,1662
1663,15GGD2714A1177782,2010 Gillig 40ft,STANDARD,8541509,20,1663
1664,15GGD2716A1177783,2010 Gillig 40ft,STANDARD,8541658,30,1664
1665,15GGD2718A1177784,2010 Gillig 40ft,STANDARD,8541511,1,1665
1673,3BPZL20X3FF262628,,Solid Waste,8125633,148,1673
1674,3BPZL20X5FF262629,,Solid Waste,8125636,149,1674
1697,,,Auto-Created Sub-Type,8125528,187,1697
1808,15GGD271XB1177917,2011 Gillig 40ft,STANDARD,8541645,27,1808
1809,15GGD2711B1177918,2011 Gillig 40ft,STANDARD,8541655,24,1809
1810,15GGB2716B1177919,2011 Gillig 35ft,STANDARD,8541653,31,1810
1812,1FDXF46P93ED83433,,Solid Waste,8125502,115,1812
1815,1CYCCL481WT043290,,Solid Waste,8125936,161,1815
1817,1GBJK34285E150268,,Solid Waste,8125520,172,1817
1823,1NKDL3EX3FJ436942,,Solid Waste,8125638,156,1823
1832,1NKDL3EX5FJ436943,,Solid Waste,8125637,147,1832
1838,1CYCCZ480ET051284,,Solid Waste,8125650,129,1838
1839,1CYCCB485X7044003,,Solid Waste,8125524,162,1839
1842,1HTWHAZT49J126796,,Street,8125315,74,1842
1845,1GBL7H1C7XJ108012,,Solid Waste,8125931,169,1845
1848,JNAK620L4DAH20002,,Solid Waste,8125324,168,1848
1851,5FYD2LP08YU01170,1995 NewFlyer 40ft,STANDARD,8541507,23,1851
1852,5FYD2LP0XYU01171,2000 NewFlyer 40ft,STANDARD,8541558,5,1852
1853,,,Solid Waste,8125469,183,1853
1864,3FRNF65C98V689973,,Solid Waste,8125470,150,1864
1870,1FDXE45P16DA25211,2006 Diamond Cutaway,STANDARD,8541593,34,1870
1878,1CYCCZ482ET051285,,Solid Waste,8125641,128,1878
1879,,,Solid Waste,8125466,181,1879
1885,5FYD2LP091U022253,2000 NewFlyer 40ft,STANDARD,8541583,15,1885
1886,5FYD2LP001U022254,2001 NewFlyer 40ft,STANDARD,8541783,9,1896
1887,5FYD2LP021U022255,2001 NewFlyer 40ft,STANDARD,8541581,17,1887
1888,5FYD2LP041U022256,2001 NewFlyer 40ft,STANDARD,8541439,2,1888
1889,5FYD2LP061U022257,2001 NewFlyer 40ft,STANDARD,8541789,8,1889
1890,5FYD2LP081U022258,2001 NewFlyer 40ft,STANDARD,8541600,12,1890
1891,5FYD2LP0X1U022259,2001 NewFlyer 40ft,STANDARD,8541784,11,1891
1892,5FYD2TP131U022368,2001 NewFlyer 30ft,STANDARD,8541162,4,1892
1893,5FYD2TP151U022369,2001 NewFlyer 30ft,STANDARD,8541781,10,1893
1894,5FYD2TP111U022370,2001 NewFlyer 30ft,STANDARD,8541785,43,1894
1895,5FYD2TP131U022371,2001 NewFlyer 30ft,STANDARD,8541563,6,1895
1896,5FYD2TP151U022372,2001 NewFlyer 30ft,STANDARD,8541779,7,1896
1897,5FYD2TP171U022373,2001 NewFlyer 30ft,STANDARD,8541562,3,1897
1898,1GNSK5EC9FR642893,,Auto-Created Sub-Type,8125934,170,1898
1899,1M2K189C61M019224,,Solid Waste,8125949,155,1899
1900,1M2K189C81M019225,,Solid Waste,8125946,154,1900
1908,1GCVKPEC5FZ292051,,Sewer,8125314,124,1908
1909,1GCEK14V02Z216103,,Parking,8125458,143,1909
1917,1CYCCK4822T045697,,Solid Waste,8125511,117,1917
1918,1CYCCK4802T045696,,Solid Waste,8125514,119,1918
1921,1M2K189C33MO22178,,Solid Waste,8125937,163,1921
1923,1H9AADAD7F1674068,,Solid Waste,8125941,138,1923
1924,1H9AADADSF1674070,,Solid Waste,8125932,121,1924
1930,,,Street,8125457,123,1930
1932,1FDWF36P54EC57304,,Street,8125495,139,1932
1937,1FDXE45P64HB50663,2004 Diamond Cutaway,STANDARD,8541793,42,1937
1938,LC06S24R2E10002,BYD Electric Bus,STANDARD,8541787,44,1938
1939,JTDKB22U153054752,,Parking,8125645,135,1939
1940,,,Solid Waste,8125464,180,1940
1941,1CYCCK48X4T046373,,Solid Waste,8125512,118,1941
1942,1H9AADAD2F1674057,,Solid Waste,8125632,141,1942
1943,1CYCCK4806T047115,,Solid Waste,8125517,120,1943
1944,1CYCCL5837T048166,,Solid Waste,8125516,113,1944
1945,1CYCCL5857T048167,,Solid Waste,8125942,159,1945
1946,1CYCCL5838T048475,,Solid Waste,8125510,114,1946
1947,1CYCCL5858T048476,,Solid Waste,8125950,158,1947
1948,1CYCCL5818TO48765,,Solid Waste,8125323,166,1948
1949,,,Solid Waste,8125451,176,1949
1955,1HTZZAARX9J080174,,Solid Waste,8125947,152,1955
1956,,,Solid Waste,8125459,178,1956
1957,1HTWYSJT0BJ354687,,Solid Waste,8125640,126,1957
1958,1CYCCL5829T049392,,Solid Waste,8125523,164,1958
1959,,,Solid Waste,8125460,179,1959
1960,1GBP8F1356F411178,,Solid Waste,8125935,167,1960
1961,1GBP8F1B37F421832,,Solid Waste,8125938,171,1961
1962,,,Solid Waste,8125454,177,1962
1963,,,Solid Waste,8125468,182,1963
1964,1CYCCL5897TO47698,,Solid Waste,8125648,127,1964
1965,,,Auto-Created Sub-Type,,57,
1965,15GGD2717F1184197,,,8083985,59,1965
1966,,,Auto-Created Sub-Type,,50,
1966,15GGD2719F1184198,,,8083987,52,1966
1968,1CYCCL589DY050564,,Solid Waste,8125642,130,1968
1969,15GGD27137107819,2001 Gillig 40ft,STANDARD,8541591,13,1969
1970,15GGD271571078199,2007 Gillig 40ft,STANDARD,8541595,14,1970
1971,1FDXE40S6XHA45573,1999 Ford Collins,STANDARD,8541791,41,1971
1972,,2002 Ford E450,STANDARD,8541647,45,1972
1973,1FD4E45P48DB56901,2008 Ford E450,STANDARD,8541594,39,1973
1974,1FD4E45P68DB56902,2008 Ford E450,STANDARD,8541650,40,1974
1975,1FDWW37P85EC72055,,Street,8125497,103,1975
1977,1GBP7C1315F528949,,Street,8125328,87,1977
1978,1GBP7C1315F529230,,Street,8125326,75,1978
1979,1GBP7C1375F529006,,Street,8125316,78,1979
1981,1GBP7C1A38F406841,,Street,8125321,89,1981
1982,1GBP7C1A58F406842,,Street,8125325,90,1982
1983,1HTWAAAN48J042090,,Street,8125329,88,1983
1984,1HTWAAAN68J042091,,Street,8125311,80,1984
1985,1HTWCAAR1BJ423142,,Street,8125521,91,1985
1986,1HTWHAZT0BJ423229,,Street,8125527,93,1986
1987,1HTWHAZT5BJ423145,,Street,8125318,83,1987
1988,1HTWHAZT2DJ329226,,Street,8125639,125,1988
1989,1HTWHAZT2DJ329291,,Street,8125513,86,1989
8133671,,,,8133671,173,
8133675,,,,8133675,174,
8133680,,,,8133680,175,
AUTO 8083983,,,Auto-Created Sub-Type,,64,
AUTO 8083983 1,,,Auto-Created Sub-Type,,68,
AUTO 8083983 2,,,Auto-Created Sub-Type,,70,
AUTO 8083985,,,Auto-Created Sub-Type,,66,
AUTO 8083985 1,,,Auto-Created Sub-Type,,67,
AUTO 8083985 2,,,Auto-Created Sub-Type,,69,
AUTO 8083985 3,,,Auto-Created Sub-Type,,71,
AUTO 8083985 4,,,Auto-Created Sub-Type,,72,
AUTO 8083991,,,Auto-Created Sub-Type,,65,
AUTO 8083994,,,STANDARD,,49,
AUTO 8083994 1,,,Auto-Created Sub-Type,,54,
AUTO 8083994 2,,,STANDARD,,55,
AUTO 8083994 3,,,Auto-Created Sub-Type,,56,
AUTO 8125948,,,Auto-Created Sub-Type,8125948,160,
AUTO 8541787,,,Auto-Created Sub-Type,,73,
Old 1319,,,,,58,
